age,Response,total,mean_tx,mad_tx,min_tx,max_tx,range,count_tx,type_lev_x_corporate,type_lev_x_private,type_lev_x_sole_trader
14,0,71.22,71.22,0,71.22,71.22,0,1,0,1,0
14,1,10797.39,2699.3475,1318.9654380000002,781.1,5011.82,4230.719999999999,4,0,1,0
22,1,1363.68,1363.68,0,1363.68,1363.68,0,1,0,1,0
39,0,725.27,241.75666666666666,77.21380800000001,79.19,514.81,435.61999999999995,3,0,1,0
43,0,1312.1399999999999,656.0699999999999,634.8641459999999,227.86,1084.28,856.42,2,0,1,0
51,0,-999,-999,-999,-999,-999,-999,-999,0,1,0
51,0,-999,-999,-999,-999,-999,-999,-999,0,1,0
62,0,123.81,123.81,0,123.81,123.81,0,1,0,1,0
59,0,-999,-999,-999,-999,-999,-999,-999,0,1,0
38,0,765.36,382.68,481.85982599999994,57.67,707.69,650.0200000000001,2,0,1,0
75,0,-999,-999,-999,-999,-999,-999,-999,0,1,0
65,0,-999,-999,-999,-999,-999,-999,-999,0,1,0
35,1,8098.139999999999,4049.0699999999997,175.64362200000002,3930.6,4167.54,236.94000000000005,2,0,1,0
73,0,17.43,17.43,0,17.43,17.43,0,1,0,1,0
25,1,-999,-999,-999,-999,-999,-999,-999,0,1,0
29,1,-999,-999,-999,-999,-999,-999,-999,0,1,0
7,0,1488.56,372.14,12.631751999999993,237.31,745.07,507.76000000000005,4,0,1,0
10,0,137.34,137.34,0,137.34,137.34,0,1,0,1,0
23,0,228.27,228.27,0,228.27,228.27,0,1,0,1,0
17,0,244.65,244.65,0,244.65,244.65,0,1,0,1,0
27,0,448.36,149.45333333333332,102.37353000000002,54.05,231.68,177.63,3,0,1,0
20,1,-999,-999,-999,-999,-999,-999,-999,0,1,0
57,0,185.83,185.83,0,185.83,185.83,0,1,0,1,0
17,1,2410.26,2410.26,0,2410.26,2410.26,0,1,0,1,0
73,0,-999,-999,-999,-999,-999,-999,-999,0,1,0
72,0,182.88,182.88,0,182.88,182.88,0,1,0,1,0
22,1,376.66,376.66,0,376.66,376.66,0,1,0,1,0
90,0,95.63,95.63,0,95.63,95.63,0,1,0,1,0
78,0,-999,-999,-999,-999,-999,-999,-999,0,1,0
25,1,416.48,416.48,0,416.48,416.48,0,1,0,1,0
39,0,-999,-999,-999,-999,-999,-999,-999,0,1,0
47,0,-999,-999,-999,-999,-999,-999,-999,0,1,0
58,0,753.71,376.855,199.654329,242.19,511.52,269.33,2,0,1,0
32,1,2998.43,2998.43,0,2998.43,2998.43,0,1,0,1,0
62,0,654.44,327.22,190.35101399999996,198.83,455.61,256.78,2,0,1,0
62,0,68.16,68.16,0,68.16,68.16,0,1,0,1,0
26,1,-999,-999,-999,-999,-999,-999,-999,0,1,0
34,1,-999,-999,-999,-999,-999,-999,-999,0,1,0
70,0,-999,-999,-999,-999,-999,-999,-999,0,1,0
23,1,28713.85,7178.4625,314.47428600000006,280.36,27330.17,27049.809999999998,4,0,1,0
11,0,-999,-999,-999,-999,-999,-999,-999,0,1,0
24,1,-999,-999,-999,-999,-999,-999,-999,0,1,0
31,0,356.22,178.11,162.063006,68.8,287.42,218.62,2,0,1,0
34,0,-999,-999,-999,-999,-999,-999,-999,0,1,0
37,0,267.5,267.5,0,267.5,267.5,0,1,0,1,0
51,0,-999,-999,-999,-999,-999,-999,-999,0,1,0
25,1,-999,-999,-999,-999,-999,-999,-999,0,1,0
50,0,2335.51,1167.755,1603.3058789999998,86.34,2249.17,2162.83,2,0,1,0
60,0,255.08,127.54,87.31031399999999,68.65,186.43,117.78,2,0,1,0
25,1,4507.42,4507.42,0,4507.42,4507.42,0,1,0,1,0
15,0,596.93,198.97666666666666,173.43454799999998,10.18,459.59,449.40999999999997,3,0,1,0
13,0,-999,-999,-999,-999,-999,-999,-999,0,1,0
25,0,504.18999999999994,252.09499999999997,30.66758099999998,231.41,272.78,41.369999999999976,2,0,1,0
29,0,595.26,198.42,69.93424200000003,83.57,380.95,297.38,3,0,1,0
27,1,5779.39,5779.39,0,5779.39,5779.39,0,1,0,1,0
36,0,142.47,142.47,0,142.47,142.47,0,1,0,1,0
36,0,-999,-999,-999,-999,-999,-999,-999,0,1,0
44,0,-999,-999,-999,-999,-999,-999,-999,0,1,0
37,1,776.22,388.11,84.28580999999998,331.26,444.96,113.69999999999999,2,0,1,0
40,1,5854.51,5854.51,0,5854.51,5854.51,0,1,0,1,0
53,0,-999,-999,-999,-999,-999,-999,-999,0,1,0
37,1,-999,-999,-999,-999,-999,-999,-999,0,1,0
9,0,-999,-999,-999,-999,-999,-999,-999,0,1,0
24,0,1429.04,714.52,923.615322,91.55,1337.49,1245.94,2,0,1,0
40,0,-999,-999,-999,-999,-999,-999,-999,0,1,0
28,1,6925.58,2308.5266666666666,29.548218000000094,1652.09,3601.47,1949.3799999999999,3,0,1,0
39,0,-999,-999,-999,-999,-999,-999,-999,0,1,0
43,0,891.5,445.75,570.163482,61.18,830.32,769.1400000000001,2,0,1,0
17,0,199.93,199.93,0,199.93,199.93,0,1,0,1,0
17,1,-999,-999,-999,-999,-999,-999,-999,0,1,0
24,0,52.23,52.23,0,52.23,52.23,0,1,0,1,0
31,1,3117.93,3117.93,0,3117.93,3117.93,0,1,0,1,0
34,0,83.45,83.45,0,83.45,83.45,0,1,0,1,0
40,1,5101.28,2550.64,3104.4013139999997,456.75,4644.53,4187.78,2,0,1,0
52,0,175.23000000000002,58.410000000000004,21.408743999999995,43.2,74.39,31.189999999999998,3,0,1,0
64,0,439.92,439.92,0,439.92,439.92,0,1,0,1,0
56,0,399.91,399.91,0,399.91,399.91,0,1,0,1,0
83,0,-999,-999,-999,-999,-999,-999,-999,0,1,0
10,0,246.63,123.315,102.440247,54.22,192.41,138.19,2,0,1,0
21,0,810.27,810.27,0,810.27,810.27,0,1,0,1,0
35,1,1290.81,1290.81,0,1290.81,1290.81,0,1,0,1,0
22,0,1101.1,550.55,184.58369999999994,426.05,675.05,248.99999999999994,2,0,1,0
24,0,121.5,60.75,6.849612000000001,56.13,65.37,9.240000000000002,2,0,1,0
35,0,-999,-999,-999,-999,-999,-999,-999,0,1,0
24,1,2739.98,2739.98,0,2739.98,2739.98,0,1,0,1,0
37,1,66.12,66.12,0,66.12,66.12,0,1,0,1,0
60,0,419.37,209.685,126.08771700000001,124.64,294.73,170.09000000000003,2,0,1,0
92,0,154.91,77.455,67.243323,32.1,122.81,90.71000000000001,2,0,1,0
52,0,311.52,155.76,49.845012,122.14,189.38,67.24,2,0,1,0
78,0,426.68,426.68,0,426.68,426.68,0,1,0,1,0
15,0,554.04,554.04,0,554.04,554.04,0,1,0,1,0
29,0,139.84,139.84,0,139.84,139.84,0,1,0,1,0
31,0,287.94,143.97,136.36954799999998,51.99,235.95,183.95999999999998,2,0,1,0
34,0,1756.87,585.6233333333333,91.77293999999996,250.63,1193.71,943.08,3,0,1,0
48,0,-999,-999,-999,-999,-999,-999,-999,0,1,0
75,0,125.97,62.985,49.92655499999999,29.31,96.66,67.35,2,0,1,0
13,0,122.9,122.9,0,122.9,122.9,0,1,0,1,0
12,0,164.04,164.04,0,164.04,164.04,0,1,0,1,0
20,0,-999,-999,-999,-999,-999,-999,-999,0,1,0
19,1,2210.63,2210.63,0,2210.63,2210.63,0,1,0,1,0
23,1,3434.14,3434.14,0,3434.14,3434.14,0,1,0,1,0
22,0,206.05,103.025,33.395565,80.5,125.55,45.05,2,0,1,0
28,1,-999,-999,-999,-999,-999,-999,-999,0,1,0
49,0,-999,-999,-999,-999,-999,-999,-999,0,1,0
54,0,458.44,458.44,0,458.44,458.44,0,1,0,1,0
55,0,3336.46,1668.23,1009.9767719999999,987.01,2349.45,1362.4399999999998,2,0,1,0
52,0,-999,-999,-999,-999,-999,-999,-999,0,1,0
76,0,-999,-999,-999,-999,-999,-999,-999,0,1,0
30,1,1570.35,1570.35,0,1570.35,1570.35,0,1,0,1,0
36,1,11301.79,3767.2633333333333,235.30344600000004,1181.95,8779.18,7597.2300000000005,3,0,1,0
65,0,510.37,510.37,0,510.37,510.37,0,1,0,1,0
15,0,521.71,173.90333333333334,56.398104000000025,111.07,261.53,150.45999999999998,3,0,1,0
38,0,650.26,325.13,35.434139999999964,301.23,349.03,47.799999999999955,2,0,1,0
29,0,932.15,466.075,426.758997,178.23,753.92,575.6899999999999,2,0,1,0
28,0,376.90999999999997,188.45499999999998,17.131442999999987,176.9,200.01,23.109999999999985,2,0,1,0
43,1,1616.7,1616.7,0,1616.7,1616.7,0,1,0,1,0
50,0,179.34,89.67,84.80472,32.47,146.87,114.4,2,0,1,0
13,1,292.51,292.51,0,292.51,292.51,0,1,0,1,0
55,0,155.36,155.36,0,155.36,155.36,0,1,0,1,0
62,0,66.22,66.22,0,66.22,66.22,0,1,0,1,0
66,0,78.45,78.45,0,78.45,78.45,0,1,0,1,0
84,0,-999,-999,-999,-999,-999,-999,-999,0,1,0
10,0,288.14,288.14,0,288.14,288.14,0,1,0,1,0
22,0,731.4100000000001,243.80333333333334,192.50078399999998,31,539.57,508.57000000000005,3,0,1,0
19,0,-999,-999,-999,-999,-999,-999,-999,0,1,0
17,0,81.77,81.77,0,81.77,81.77,0,1,0,1,0
24,0,174.8,87.4,44.81899799999999,57.17,117.63,60.459999999999994,2,0,1,0
27,1,4772.66,2386.33,139.29027000000005,2292.38,2480.28,187.9000000000001,2,0,1,0
21,0,-999,-999,-999,-999,-999,-999,-999,0,1,0
32,1,-999,-999,-999,-999,-999,-999,-999,0,1,0
30,1,2522.73,2522.73,0,2522.73,2522.73,0,1,0,1,0
40,0,-999,-999,-999,-999,-999,-999,-999,0,1,0
55,1,3346.92,3346.92,0,3346.92,3346.92,0,1,0,1,0
63,0,115.26,115.26,0,115.26,115.26,0,1,0,1,0
56,0,250.22,250.22,0,250.22,250.22,0,1,0,1,0
67,0,454.67,454.67,0,454.67,454.67,0,1,0,1,0
62,0,88.95,88.95,0,88.95,88.95,0,1,0,1,0
60,0,196.48,196.48,0,196.48,196.48,0,1,0,1,0
16,1,2850.14,2850.14,0,2850.14,2850.14,0,1,0,1,0
76,0,545.75,181.91666666666666,170.61760799999996,62.43,299.2,236.76999999999998,3,0,1,0
73,0,210.46,210.46,0,210.46,210.46,0,1,0,1,0
65,0,-999,-999,-999,-999,-999,-999,-999,0,1,0
13,0,-999,-999,-999,-999,-999,-999,-999,0,1,0
21,1,1097.19,1097.19,0,1097.19,1097.19,0,1,0,1,0
19,0,928.7,928.7,0,928.7,928.7,0,1,0,1,0
11,0,-999,-999,-999,-999,-999,-999,-999,0,1,0
24,0,36.45,36.45,0,36.45,36.45,0,1,0,1,0
27,0,-999,-999,-999,-999,-999,-999,-999,0,1,0
39,0,240.49,120.245,157.72640099999998,13.86,226.63,212.76999999999998,2,0,1,0
39,0,1320.2,330.05,123.06321300000008,121.99,480.1,358.11,4,0,1,0
37,0,-999,-999,-999,-999,-999,-999,-999,0,1,0
50,0,1433.46,477.82,182.330148,306.76,624.84,318.08000000000004,3,0,1,0
55,0,-999,-999,-999,-999,-999,-999,-999,0,1,0
34,1,4845.05,4845.05,0,4845.05,4845.05,0,1,0,1,0
62,0,-999,-999,-999,-999,-999,-999,-999,0,1,0
66,0,549.51,274.755,202.51574700000003,138.16,411.35,273.19000000000005,2,0,1,0
31,1,1377.47,1377.47,0,1377.47,1377.47,0,1,0,1,0
66,0,1597.55,798.775,883.992837,202.53,1395.02,1192.49,2,0,1,0
67,0,-999,-999,-999,-999,-999,-999,-999,0,1,0
13,0,1823.24,911.62,629.6009159999999,486.96,1336.28,849.3199999999999,2,0,1,0
25,0,-999,-999,-999,-999,-999,-999,-999,0,1,0
19,0,-999,-999,-999,-999,-999,-999,-999,0,1,0
49,0,-999,-999,-999,-999,-999,-999,-999,0,1,0
56,0,1172.7,586.35,731.9003159999999,92.69,1080.01,987.3199999999999,2,0,1,0
56,0,1266.9299999999998,422.31,208.34977799999996,97.36,931.68,834.3199999999999,3,0,1,0
55,0,289.56,289.56,0,289.56,289.56,0,1,0,1,0
61,0,-999,-999,-999,-999,-999,-999,-999,0,1,0
82,0,550.54,275.27,309.552054,66.48,484.06,417.58,2,0,1,0
22,1,3024.86,1008.2866666666666,215.95551599999993,419.37,2040.46,1621.0900000000001,3,0,1,0
11,0,-999,-999,-999,-999,-999,-999,-999,0,1,0
8,0,56.17,56.17,0,56.17,56.17,0,1,0,1,0
12,0,-999,-999,-999,-999,-999,-999,-999,0,1,0
17,0,-999,-999,-999,-999,-999,-999,-999,0,1,0
30,1,1510.4299999999998,755.2149999999999,443.1565529999999,456.31,1054.12,597.81,2,0,1,0
28,1,1519.41,1519.41,0,1519.41,1519.41,0,1,0,1,0
28,0,-999,-999,-999,-999,-999,-999,-999,0,1,0
41,0,143.07,71.535,11.556866999999997,63.74,79.33,15.589999999999996,2,0,1,0
42,1,-999,-999,-999,-999,-999,-999,-999,0,1,0
44,0,-999,-999,-999,-999,-999,-999,-999,0,1,0
52,0,728.34,364.17,508.783842,21,707.34,686.34,2,0,1,0
14,1,811.35,811.35,0,811.35,811.35,0,1,0,1,0
30,1,-999,-999,-999,-999,-999,-999,-999,0,1,0
30,0,-999,-999,-999,-999,-999,-999,-999,0,1,0
32,0,-999,-999,-999,-999,-999,-999,-999,0,1,0
38,0,84.69,84.69,0,84.69,84.69,0,1,0,1,0
40,0,-999,-999,-999,-999,-999,-999,-999,0,1,0
55,0,-999,-999,-999,-999,-999,-999,-999,0,1,0
51,0,-999,-999,-999,-999,-999,-999,-999,0,1,0
57,0,38.54,38.54,0,38.54,38.54,0,1,0,1,0
61,0,-999,-999,-999,-999,-999,-999,-999,0,1,0
52,0,195.07,195.07,0,195.07,195.07,0,1,0,1,0
45,0,-999,-999,-999,-999,-999,-999,-999,0,1,0
64,0,1288.1,1288.1,0,1288.1,1288.1,0,1,0,1,0
81,0,51.28,51.28,0,51.28,51.28,0,1,0,1,0
75,0,510.37,510.37,0,510.37,510.37,0,1,0,1,0
28,1,-999,-999,-999,-999,-999,-999,-999,0,1,0
17,0,134.87,134.87,0,134.87,134.87,0,1,0,1,0
24,0,1084.14,542.07,530.266716,184.41,899.73,715.32,2,0,1,0
35,0,-999,-999,-999,-999,-999,-999,-999,0,1,0
35,1,2650.64,2650.64,0,2650.64,2650.64,0,1,0,1,0
36,0,25.61,25.61,0,25.61,25.61,0,1,0,1,0
51,0,534.97,267.485,225.48122099999995,115.4,419.57,304.16999999999996,2,0,1,0
56,0,246.35000000000002,123.17500000000001,68.01427500000001,77.3,169.05,91.75000000000001,2,0,1,0
48,0,838.5,838.5,0,838.5,838.5,0,1,0,1,0
46,0,469.08000000000004,234.54000000000002,239.81054999999998,72.79,396.29,323.5,2,0,1,0
39,1,2503.02,1251.51,773.6355059999999,729.7,1773.32,1043.62,2,0,1,0
54,0,950.4399999999999,190.088,98.014686,64.84,421.46,356.62,5,0,1,0
82,0,-999,-999,-999,-999,-999,-999,-999,0,1,0
16,0,212.2,106.1,58.75543799999999,66.47,145.73,79.25999999999999,2,0,1,0
44,1,3712.9700000000003,1856.4850000000001,746.540991,1352.95,2360.02,1007.0699999999999,2,0,1,0
10,0,54.28,54.28,0,54.28,54.28,0,1,0,1,0
41,1,1810.49,1810.49,0,1810.49,1810.49,0,1,0,1,0
17,1,2516.45,2516.45,0,2516.45,2516.45,0,1,0,1,0
16,1,-999,-999,-999,-999,-999,-999,-999,0,1,0
33,0,241.25,241.25,0,241.25,241.25,0,1,0,1,0
36,0,-999,-999,-999,-999,-999,-999,-999,0,1,0
19,1,6545.09,2181.6966666666667,206.83752599999963,1935.4,2534.78,599.3800000000001,3,0,1,0
34,0,261.07,130.535,14.032809000000004,121.07,140,18.930000000000007,2,0,1,0
32,0,158.31,158.31,0,158.31,158.31,0,1,0,1,0
30,0,655.4,163.85,9.325553999999999,125.99,262.61,136.62,4,0,1,0
27,1,7893.64,1973.41,919.0489140000001,815.75,3867.61,3051.86,4,0,1,0
52,0,-999,-999,-999,-999,-999,-999,-999,0,1,0
50,0,271.93,135.965,38.56983899999999,109.95,161.98,52.02999999999999,2,0,1,0
62,0,566.53,566.53,0,566.53,566.53,0,1,0,1,0
23,1,-999,-999,-999,-999,-999,-999,-999,0,1,0
64,0,1346.74,673.37,820.411536,120.01,1226.73,1106.72,2,0,1,0
42,1,357.46,357.46,0,357.46,357.46,0,1,0,1,0
13,0,174.5,174.5,0,174.5,174.5,0,1,0,1,0
26,0,-999,-999,-999,-999,-999,-999,-999,0,1,0
35,0,41.9,41.9,0,41.9,41.9,0,1,0,1,0
46,0,-999,-999,-999,-999,-999,-999,-999,0,1,0
24,1,-999,-999,-999,-999,-999,-999,-999,0,1,0
53,0,242.57999999999998,121.28999999999999,87.69578999999999,62.14,180.44,118.3,2,0,1,0
63,0,410.41,205.205,87.139815,146.43,263.98,117.55000000000001,2,0,1,0
56,0,264.94,132.47,57.45075,93.72,171.22,77.5,2,0,1,0
72,0,-999,-999,-999,-999,-999,-999,-999,0,1,0
73,0,349.44,349.44,0,349.44,349.44,0,1,0,1,0
67,0,869.35,173.87,71.09067,47.56,486.65,439.09,5,0,1,0
10,0,22.49,22.49,0,22.49,22.49,0,1,0,1,0
24,0,-999,-999,-999,-999,-999,-999,-999,0,1,0
16,0,519.29,173.09666666666666,13.373052000000014,52.87,237.72,184.85,3,0,1,0
15,0,60.69,60.69,0,60.69,60.69,0,1,0,1,0
22,0,287.07,287.07,0,287.07,287.07,0,1,0,1,0
15,0,698.6600000000001,232.88666666666668,20.667443999999996,132.59,419.54,286.95000000000005,3,0,1,0
26,0,189.34,189.34,0,189.34,189.34,0,1,0,1,0
29,0,-999,-999,-999,-999,-999,-999,-999,0,1,0
30,0,29.28,29.28,0,29.28,29.28,0,1,0,1,0
13,1,1841.71,1841.71,0,1841.71,1841.71,0,1,0,1,0
22,1,6337.79,2112.596666666667,226.86745200000004,427.46,5329.85,4902.39,3,0,1,0
41,0,-999,-999,-999,-999,-999,-999,-999,0,1,0
24,1,10204.83,3401.61,1780.2319499999999,599.68,7804.72,7205.04,3,0,1,0
91,0,677.41,225.80333333333334,160.906578,35.62,497.64,462.02,3,0,1,0
11,0,242.43,242.43,0,242.43,242.43,0,1,0,1,0
13,0,-999,-999,-999,-999,-999,-999,-999,0,1,0
35,1,3193.8900000000003,1064.63,450.63627,631.65,1626.64,994.9900000000001,3,0,1,0
31,0,476.03999999999996,158.68,110.33509200000002,32.84,258.81,225.97,3,0,1,0
52,0,371.93,185.965,233.264871,28.63,343.3,314.67,2,0,1,0
46,0,-999,-999,-999,-999,-999,-999,-999,0,1,0
29,1,13812.41,4604.136666666666,351.02037599999994,744.46,12086.73,11342.27,3,0,1,0
70,0,-999,-999,-999,-999,-999,-999,-999,0,1,0
46,1,33780.22,16890.11,23925.828149999998,752.36,33027.86,32275.5,2,0,1,0
14,0,191.01,191.01,0,191.01,191.01,0,1,0,1,0
19,1,2028.21,2028.21,0,2028.21,2028.21,0,1,0,1,0
33,1,1690.48,845.24,316.6092299999999,631.69,1058.79,427.0999999999999,2,0,1,0
38,0,771.71,192.9275,149.02353899999997,56.05,338.74,282.69,4,0,1,0
39,0,329.25,164.625,175.562079,46.21,283.04,236.83,2,0,1,0
35,0,3867.78,3867.78,0,3867.78,3867.78,0,1,0,1,0
43,0,-999,-999,-999,-999,-999,-999,-999,0,1,0
59,0,1200.4,1200.4,0,1200.4,1200.4,0,1,0,1,0
52,0,124.07,124.07,0,124.07,124.07,0,1,0,1,0
81,0,452.27,226.135,76.80609299999999,174.33,277.94,103.60999999999999,2,0,1,0
68,0,-999,-999,-999,-999,-999,-999,-999,0,1,0
83,0,101.68,101.68,0,101.68,101.68,0,1,0,1,0
78,0,309.12,154.56,118.593174,74.57,234.55,159.98000000000002,2,0,1,0
54,0,1973.51,986.755,282.5020169999999,796.21,1177.3,381.0899999999999,2,0,1,0
7,0,-999,-999,-999,-999,-999,-999,-999,0,1,0
39,1,428.99,428.99,0,428.99,428.99,0,1,0,1,0
22,1,15198.47,7599.235,160.676775,7490.86,7707.61,216.75,2,0,1,0
60,0,142.96,142.96,0,142.96,142.96,0,1,0,1,0
58,0,-999,-999,-999,-999,-999,-999,-999,0,1,0
28,1,-999,-999,-999,-999,-999,-999,-999,0,1,0
33,1,6245.64,1249.128,468.338514,167.31,4290.08,4122.7699999999995,5,0,1,0
74,0,228.07,228.07,0,228.07,228.07,0,1,0,1,0
39,1,1767.96,1767.96,0,1767.96,1767.96,0,1,0,1,0
94,0,28.91,28.91,0,28.91,28.91,0,1,0,1,0
10,0,258.52,129.26,115.18319399999999,51.57,206.95,155.38,2,0,1,0
19,0,330.61,165.305,155.383893,60.5,270.11,209.61,2,0,1,0
29,0,-999,-999,-999,-999,-999,-999,-999,0,1,0
21,1,3696,3696,0,3696,3696,0,1,0,1,0
30,0,-999,-999,-999,-999,-999,-999,-999,0,1,0
53,0,-999,-999,-999,-999,-999,-999,-999,0,1,0
60,0,496.15,165.38333333333333,47.29493999999998,58.31,347.63,289.32,3,0,1,0
48,0,136.27,136.27,0,136.27,136.27,0,1,0,1,0
72,0,19.3,19.3,0,19.3,19.3,0,1,0,1,0
57,0,-999,-999,-999,-999,-999,-999,-999,0,1,0
17,0,394.15999999999997,131.38666666666666,75.938772,17.52,307.9,290.38,3,0,1,0
16,0,-999,-999,-999,-999,-999,-999,-999,0,1,0
16,0,101.62,101.62,0,101.62,101.62,0,1,0,1,0
22,0,375.32,375.32,0,375.32,375.32,0,1,0,1,0
22,0,1027.56,1027.56,0,1027.56,1027.56,0,1,0,1,0
26,0,581.5699999999999,290.78499999999997,242.02703699999995,127.54,454.03,326.48999999999995,2,0,1,0
29,0,270.34,270.34,0,270.34,270.34,0,1,0,1,0
48,0,1148.68,1148.68,0,1148.68,1148.68,0,1,0,1,0
50,0,-999,-999,-999,-999,-999,-999,-999,0,1,0
57,0,619.6,154.9,124.812681,6.1,404.22,398.12,4,0,1,0
19,1,6227.280000000001,3113.6400000000003,1289.19483,2244.09,3983.19,1739.1,2,0,1,0
66,0,30.15,30.15,0,30.15,30.15,0,1,0,1,0
11,0,3017.87,3017.87,0,3017.87,3017.87,0,1,0,1,0
47,0,-999,-999,-999,-999,-999,-999,-999,0,1,0
53,0,-999,-999,-999,-999,-999,-999,-999,0,1,0
58,0,-999,-999,-999,-999,-999,-999,-999,0,1,0
52,0,254.74,254.74,0,254.74,254.74,0,1,0,1,0
45,0,54.98,54.98,0,54.98,54.98,0,1,0,1,0
55,0,47.2,47.2,0,47.2,47.2,0,1,0,1,0
18,1,780.09,780.09,0,780.09,780.09,0,1,0,1,0
24,1,2198.09,1099.045,470.59947900000003,781.63,1416.46,634.83,2,0,1,0
59,0,-999,-999,-999,-999,-999,-999,-999,0,1,0
50,0,116.55,116.55,0,116.55,116.55,0,1,0,1,0
76,0,-999,-999,-999,-999,-999,-999,-999,0,1,0
92,0,957.04,478.52,133.73052,388.32,568.72,180.40000000000003,2,0,1,0
92,0,227,113.5,24.373943999999995,97.06,129.94,32.879999999999995,2,0,1,0
34,1,2943.98,1471.99,875.801472,881.27,2062.71,1181.44,2,0,1,0
83,0,-999,-999,-999,-999,-999,-999,-999,0,1,0
19,1,-999,-999,-999,-999,-999,-999,-999,0,1,0
24,0,368.57000000000005,184.28500000000003,223.316625,33.66,334.91,301.25,2,0,1,0
28,0,196.85,196.85,0,196.85,196.85,0,1,0,1,0
45,0,18.36,18.36,0,18.36,18.36,0,1,0,1,0
48,0,300.5,150.25,197.77883999999995,16.85,283.65,266.79999999999995,2,0,1,0
44,0,-999,-999,-999,-999,-999,-999,-999,0,1,0
51,0,1151.7,1151.7,0,1151.7,1151.7,0,1,0,1,0
44,0,570.71,190.23666666666665,19.511015999999994,151.29,254.97,103.68,3,0,1,0
39,1,1389.13,1389.13,0,1389.13,1389.13,0,1,0,1,0
81,0,419.37,209.685,21.356853,195.28,224.09,28.810000000000002,2,0,1,0
20,0,-999,-999,-999,-999,-999,-999,-999,0,1,0
26,0,320.4,160.2,81.202002,105.43,214.97,109.53999999999999,2,0,1,0
43,1,-999,-999,-999,-999,-999,-999,-999,0,1,0
41,0,325.64,325.64,0,325.64,325.64,0,1,0,1,0
40,0,1061.79,1061.79,0,1061.79,1061.79,0,1,0,1,0
43,0,182.92,182.92,0,182.92,182.92,0,1,0,1,0
50,0,105.21,105.21,0,105.21,105.21,0,1,0,1,0
38,0,-999,-999,-999,-999,-999,-999,-999,0,1,0
56,0,-999,-999,-999,-999,-999,-999,-999,0,1,0
62,0,176.06,176.06,0,176.06,176.06,0,1,0,1,0
78,0,-999,-999,-999,-999,-999,-999,-999,0,1,0
23,1,610.44,610.44,0,610.44,610.44,0,1,0,1,0
11,0,-999,-999,-999,-999,-999,-999,-999,0,1,0
15,0,753.85,376.925,447.470919,75.11,678.74,603.63,2,0,1,0
29,0,-999,-999,-999,-999,-999,-999,-999,0,1,0
34,0,76.07,76.07,0,76.07,76.07,0,1,0,1,0
35,0,125.78,62.89,41.48314800000001,34.91,90.87,55.96000000000001,2,0,1,0
32,1,1220.22,610.11,321.6500699999999,393.16,827.06,433.8999999999999,2,0,1,0
56,1,-999,-999,-999,-999,-999,-999,-999,0,1,0
37,0,282.49,282.49,0,282.49,282.49,0,1,0,1,0
56,0,195.4,195.4,0,195.4,195.4,0,1,0,1,0
54,0,182.06,182.06,0,182.06,182.06,0,1,0,1,0
21,1,883.07,883.07,0,883.07,883.07,0,1,0,1,0
51,0,537.35,268.675,342.87348899999995,37.41,499.94,462.53,2,0,1,0
74,0,-999,-999,-999,-999,-999,-999,-999,0,1,0
28,1,318.47,159.235,24.929919000000016,142.42,176.05,33.630000000000024,2,0,1,0
25,1,512.85,512.85,0,512.85,512.85,0,1,0,1,0
12,0,-999,-999,-999,-999,-999,-999,-999,0,1,0
24,0,637.27,212.42333333333332,46.83533399999996,100.56,284.15,183.58999999999997,3,0,1,0
26,0,151.69,151.69,0,151.69,151.69,0,1,0,1,0
33,0,110.27,110.27,0,110.27,110.27,0,1,0,1,0
49,0,-999,-999,-999,-999,-999,-999,-999,0,1,0
45,0,-999,-999,-999,-999,-999,-999,-999,0,1,0
47,0,504.85,252.425,251.308113,82.92,421.93,339.01,2,0,1,0
21,1,5916.73,2958.365,17.961699000000014,2946.25,2970.48,24.230000000000018,2,0,1,0
51,0,187.71,187.71,0,187.71,187.71,0,1,0,1,0
22,1,-999,-999,-999,-999,-999,-999,-999,0,1,0
65,0,-999,-999,-999,-999,-999,-999,-999,0,1,0
79,0,54.56,54.56,0,54.56,54.56,0,1,0,1,0
11,0,-999,-999,-999,-999,-999,-999,-999,0,1,0
23,1,9159.99,2289.9975,1627.5686280000002,541.3,3837.38,3296.08,4,0,1,0
24,0,413.89,137.96333333333334,13.432356000000002,42.33,320.17,277.84000000000003,3,0,1,0
16,0,371.14,185.57,18.191501999999993,173.3,197.84,24.539999999999992,2,0,1,0
28,0,158.29,158.29,0,158.29,158.29,0,1,0,1,0
36,0,88.36,88.36,0,88.36,88.36,0,1,0,1,0
39,0,781.91,260.63666666666666,44.893127999999955,47.53,382.33,334.79999999999995,3,0,1,0
48,0,1093.45,546.725,532.616637,187.48,905.97,718.49,2,0,1,0
41,0,646.15,323.075,238.83944700000004,161.98,484.17,322.19000000000005,2,0,1,0
59,0,-999,-999,-999,-999,-999,-999,-999,0,1,0
28,1,-999,-999,-999,-999,-999,-999,-999,0,1,0
68,0,205.98,205.98,0,205.98,205.98,0,1,0,1,0
82,0,22.92,22.92,0,22.92,22.92,0,1,0,1,0
85,0,750.04,375.02,188.11228799999998,248.14,501.9,253.76,2,0,1,0
19,1,-999,-999,-999,-999,-999,-999,-999,0,1,0
10,0,2062.83,1031.415,612.1877789999999,618.5,1444.33,825.8299999999999,2,0,1,0
24,0,-999,-999,-999,-999,-999,-999,-999,0,1,0
24,1,310.02,310.02,0,310.02,310.02,0,1,0,1,0
30,1,1425.93,1425.93,0,1425.93,1425.93,0,1,0,1,0
32,1,2443.02,2443.02,0,2443.02,2443.02,0,1,0,1,0
34,1,1395.67,697.835,646.895445,261.51,1134.16,872.6500000000001,2,0,1,0
71,0,238.42,79.47333333333333,21.631133999999992,53.26,117.31,64.05000000000001,3,0,1,0
33,1,-999,-999,-999,-999,-999,-999,-999,0,1,0
7,0,154.74,154.74,0,154.74,154.74,0,1,0,1,0
17,0,-999,-999,-999,-999,-999,-999,-999,0,1,0
16,0,315.03999999999996,157.51999999999998,153.16740599999997,54.21,260.83,206.61999999999998,2,0,1,0
22,0,1501.3999999999999,750.6999999999999,664.79784,302.3,1199.1,896.8,2,0,1,0
22,0,-999,-999,-999,-999,-999,-999,-999,0,1,0
32,0,-999,-999,-999,-999,-999,-999,-999,0,1,0
42,1,6052.13,2017.3766666666666,770.4479160000001,686.47,4159.53,3473.0599999999995,3,0,1,0
28,0,-999,-999,-999,-999,-999,-999,-999,0,1,0
36,0,-999,-999,-999,-999,-999,-999,-999,0,1,0
45,0,601.86,200.62,75.10851599999997,115.51,320.18,204.67000000000002,3,0,1,0
62,0,574.46,287.23,251.612046,117.52,456.94,339.42,2,0,1,0
57,0,308.54,154.27,177.600654,34.48,274.06,239.58,2,0,1,0
15,1,2955.4900000000002,985.1633333333334,725.703048,352.61,1546.18,1193.5700000000002,3,0,1,0
58,0,51.23,51.23,0,51.23,51.23,0,1,0,1,0
82,0,259.89,259.89,0,259.89,259.89,0,1,0,1,0
29,1,464.04,464.04,0,464.04,464.04,0,1,0,1,0
14,0,-999,-999,-999,-999,-999,-999,-999,0,1,0
13,0,1255.15,1255.15,0,1255.15,1255.15,0,1,0,1,0
22,0,331.5,110.5,88.748436,15.98,187.69,171.71,3,0,1,0
18,0,-999,-999,-999,-999,-999,-999,-999,0,1,0
13,0,-999,-999,-999,-999,-999,-999,-999,0,1,0
31,1,9242.27,4621.135,4844.966301,1353.25,7889.02,6535.77,2,0,1,0
28,0,-999,-999,-999,-999,-999,-999,-999,0,1,0
36,0,510.78000000000003,127.69500000000001,37.057587000000005,33.56,189.05,155.49,4,0,1,0
36,1,13831.67,13831.67,0,13831.67,13831.67,0,1,0,1,0
39,0,-999,-999,-999,-999,-999,-999,-999,0,1,0
34,0,-999,-999,-999,-999,-999,-999,-999,0,1,0
42,0,311.77,155.885,150.298575,54.51,257.26,202.75,2,0,1,0
54,0,-999,-999,-999,-999,-999,-999,-999,0,1,0
46,0,294.63,294.63,0,294.63,294.63,0,1,0,1,0
64,0,160.26,80.13,4.180932,77.31,82.95,5.640000000000001,2,0,1,0
62,0,1440.76,480.25333333333333,199.973088,238.11,829.66,591.55,3,0,1,0
79,0,1269.77,1269.77,0,1269.77,1269.77,0,1,0,1,0
21,1,-999,-999,-999,-999,-999,-999,-999,0,1,0
13,0,-999,-999,-999,-999,-999,-999,-999,0,1,0
32,0,539.39,269.695,41.282997000000016,241.85,297.54,55.690000000000026,2,0,1,0
30,1,6688.4,3344.2,274.22169600000007,3159.24,3529.16,369.9200000000001,2,0,1,0
41,0,342.91999999999996,171.45999999999998,18.547326000000005,158.95,183.97,25.02000000000001,2,0,1,0
56,0,865.96,865.96,0,865.96,865.96,0,1,0,1,0
44,0,-999,-999,-999,-999,-999,-999,-999,0,1,0
40,1,1722.83,1722.83,0,1722.83,1722.83,0,1,0,1,0
59,0,-999,-999,-999,-999,-999,-999,-999,0,1,0
69,0,-999,-999,-999,-999,-999,-999,-999,0,1,0
17,0,-999,-999,-999,-999,-999,-999,-999,0,1,0
18,0,61.44,61.44,0,61.44,61.44,0,1,0,1,0
20,0,3756.21,3756.21,0,3756.21,3756.21,0,1,0,1,0
24,0,539.46,269.73,121.97350199999998,187.46,352,164.54,2,0,1,0
29,0,-999,-999,-999,-999,-999,-999,-999,0,1,0
25,1,2849.35,1424.675,1032.7272689999998,728.11,2121.24,1393.1299999999997,2,0,1,0
48,0,-999,-999,-999,-999,-999,-999,-999,0,1,0
46,0,-999,-999,-999,-999,-999,-999,-999,0,1,0
42,0,-999,-999,-999,-999,-999,-999,-999,0,1,0
47,0,-999,-999,-999,-999,-999,-999,-999,0,1,0
70,0,356.18,356.18,0,356.18,356.18,0,1,0,1,0
73,0,1800.29,360.058,101.083668,56.75,1203.71,1146.96,5,0,1,0
29,1,865.26,865.26,0,865.26,865.26,0,1,0,1,0
29,0,-999,-999,-999,-999,-999,-999,-999,0,1,0
31,0,1719.07,859.535,1130.6085209999999,96.95,1622.12,1525.1699999999998,2,0,1,0
34,0,124.35,62.175,44.381631,32.24,92.11,59.87,2,0,1,0
33,0,88.52,88.52,0,88.52,88.52,0,1,0,1,0
44,0,185.97,92.985,33.89964899999999,70.12,115.85,45.72999999999999,2,0,1,0
37,0,567.54,283.77,263.887974,105.78,461.76,355.98,2,0,1,0
36,0,-999,-999,-999,-999,-999,-999,-999,0,1,0
61,0,78.22,78.22,0,78.22,78.22,0,1,0,1,0
57,0,350.62,175.31,81.05374199999999,120.64,229.98,109.33999999999999,2,0,1,0
72,0,38.06,38.06,0,38.06,38.06,0,1,0,1,0
33,1,-999,-999,-999,-999,-999,-999,-999,0,1,0
57,0,-999,-999,-999,-999,-999,-999,-999,0,1,0
73,0,136.98,136.98,0,136.98,136.98,0,1,0,1,0
76,0,-999,-999,-999,-999,-999,-999,-999,0,1,0
84,0,-999,-999,-999,-999,-999,-999,-999,0,1,0
23,1,-999,-999,-999,-999,-999,-999,-999,0,1,0
18,1,952.91,952.91,0,952.91,952.91,0,1,0,1,0
16,0,309.40000000000003,103.13333333333334,17.598461999999994,63.27,170.99,107.72,3,0,1,0
36,0,-999,-999,-999,-999,-999,-999,-999,0,1,0
27,1,3700.47,3700.47,0,3700.47,3700.47,0,1,0,1,0
41,0,-999,-999,-999,-999,-999,-999,-999,0,1,0
44,0,327.56,327.56,0,327.56,327.56,0,1,0,1,0
46,0,841.77,280.59,137.540802,59.97,629.06,569.0899999999999,3,0,1,0
56,0,226.56,226.56,0,226.56,226.56,0,1,0,1,0
66,0,116.52000000000001,58.260000000000005,1.4677739999999977,57.27,59.25,1.9799999999999969,2,0,1,0
71,0,53.07,53.07,0,53.07,53.07,0,1,0,1,0
65,0,414.2,207.1,44.522478,177.07,237.13,60.06,2,0,1,0
10,0,-999,-999,-999,-999,-999,-999,-999,0,1,0
13,0,945.64,945.64,0,945.64,945.64,0,1,0,1,0
36,0,32.37,32.37,0,32.37,32.37,0,1,0,1,0
19,0,82.21,82.21,0,82.21,82.21,0,1,0,1,0
40,1,-999,-999,-999,-999,-999,-999,-999,0,1,0
26,0,653.72,217.90666666666667,76.25011799999999,101.11,400.07,298.96,3,0,1,0
38,1,1930.94,1930.94,0,1930.94,1930.94,0,1,0,1,0
24,0,539.33,179.77666666666667,63.766626,98.95,298.42,199.47000000000003,3,0,1,0
40,0,-999,-999,-999,-999,-999,-999,-999,0,1,0
33,0,696.06,348.03,63.54423599999998,305.17,390.89,85.71999999999997,2,0,1,0
42,0,-999,-999,-999,-999,-999,-999,-999,0,1,0
57,0,-999,-999,-999,-999,-999,-999,-999,0,1,0
46,0,130.21,130.21,0,130.21,130.21,0,1,0,1,0
72,0,771.36,385.68,231.04838399999994,229.84,541.52,311.67999999999995,2,0,1,0
21,1,-999,-999,-999,-999,-999,-999,-999,0,1,0
81,0,485.77,242.885,228.19437900000003,88.97,396.8,307.83000000000004,2,0,1,0
20,0,40.15,40.15,0,40.15,40.15,0,1,0,1,0
28,0,338.94,112.98,27.546707999999995,88.65,143.06,54.41,3,0,1,0
32,0,199.74,99.87,89.94934199999999,39.2,160.54,121.33999999999999,2,0,1,0
25,0,-999,-999,-999,-999,-999,-999,-999,0,1,0
34,1,319.55,319.55,0,319.55,319.55,0,1,0,1,0
42,0,-999,-999,-999,-999,-999,-999,-999,0,1,0
45,0,-999,-999,-999,-999,-999,-999,-999,0,1,0
49,0,420.42,140.14,6.093485999999999,114.61,187.09,72.48,3,0,1,0
43,0,205.24,205.24,0,205.24,205.24,0,1,0,1,0
31,1,5778.99,5778.99,0,5778.99,5778.99,0,1,0,1,0
63,0,110.66,110.66,0,110.66,110.66,0,1,0,1,0
69,0,-999,-999,-999,-999,-999,-999,-999,0,1,0
22,1,-999,-999,-999,-999,-999,-999,-999,0,1,0
19,1,-999,-999,-999,-999,-999,-999,-999,0,1,0
76,0,554.11,138.5275,108.51149400000001,21.89,286.44,264.55,4,0,1,0
73,0,69.92,69.92,0,69.92,69.92,0,1,0,1,0
14,0,120.62,120.62,0,120.62,120.62,0,1,0,1,0
30,0,492.26,246.13,67.68068999999998,200.48,291.78,91.29999999999998,2,0,1,0
29,0,860.23,430.115,213.36837899999998,286.2,574.03,287.83,2,0,1,0
35,0,253.49,253.49,0,253.49,253.49,0,1,0,1,0
36,1,-999,-999,-999,-999,-999,-999,-999,0,1,0
35,1,2006.03,2006.03,0,2006.03,2006.03,0,1,0,1,0
64,0,-999,-999,-999,-999,-999,-999,-999,0,1,0
22,1,2894.06,2894.06,0,2894.06,2894.06,0,1,0,1,0
19,1,1909.86,1909.86,0,1909.86,1909.86,0,1,0,1,0
54,0,326.31,326.31,0,326.31,326.31,0,1,0,1,0
50,0,534.83,267.415,195.799569,135.35,399.48,264.13,2,0,1,0
56,0,-999,-999,-999,-999,-999,-999,-999,0,1,0
63,0,1674.31,837.155,1205.850471,23.82,1650.49,1626.67,2,0,1,0
30,1,554.05,554.05,0,554.05,554.05,0,1,0,1,0
65,0,100.65,100.65,0,100.65,100.65,0,1,0,1,0
69,0,149.62,149.62,0,149.62,149.62,0,1,0,1,0
13,0,422.93,422.93,0,422.93,422.93,0,1,0,1,0
9,0,-999,-999,-999,-999,-999,-999,-999,0,1,0
14,0,961.78,320.59333333333336,187.667508,77.23,680.74,603.51,3,0,1,0
13,0,167.17,167.17,0,167.17,167.17,0,1,0,1,0
24,0,568.95,568.95,0,568.95,568.95,0,1,0,1,0
23,0,363.83,363.83,0,363.83,363.83,0,1,0,1,0
19,1,-999,-999,-999,-999,-999,-999,-999,0,1,0
33,0,177.14,88.57,14.855652000000005,78.55,98.59,20.040000000000006,2,0,1,0
43,0,1085.3400000000001,542.6700000000001,724.9914,53.67,1031.67,978.0000000000001,2,0,1,0
12,1,-999,-999,-999,-999,-999,-999,-999,0,1,0
50,0,-999,-999,-999,-999,-999,-999,-999,0,1,0
53,0,-999,-999,-999,-999,-999,-999,-999,0,1,0
23,1,4549.81,4549.81,0,4549.81,4549.81,0,1,0,1,0
54,0,338.15,338.15,0,338.15,338.15,0,1,0,1,0
36,1,3961.5099999999998,1980.7549999999999,1750.0981049999996,800.33,3161.18,2360.85,2,0,1,0
73,0,135.89,135.89,0,135.89,135.89,0,1,0,1,0
84,0,606.0699999999999,303.03499999999997,32.49117899999999,281.12,324.95,43.829999999999984,2,0,1,0
35,1,6078.33,6078.33,0,6078.33,6078.33,0,1,0,1,0
34,1,611.04,611.04,0,611.04,611.04,0,1,0,1,0
24,0,-999,-999,-999,-999,-999,-999,-999,0,1,0
40,1,15245.26,15245.26,0,15245.26,15245.26,0,1,0,1,0
21,0,1137.5,379.1666666666667,491.318814,29.89,746.33,716.44,3,0,1,0
23,0,26.76,26.76,0,26.76,26.76,0,1,0,1,0
29,0,-999,-999,-999,-999,-999,-999,-999,0,1,0
37,0,827.31,413.655,359.923389,170.89,656.42,485.53,2,0,1,0
15,1,1892.67,946.335,483.0384930000001,620.53,1272.14,651.6100000000001,2,0,1,0
51,0,183.46,183.46,0,183.46,183.46,0,1,0,1,0
58,0,39.41,39.41,0,39.41,39.41,0,1,0,1,0
65,0,719.23,719.23,0,719.23,719.23,0,1,0,1,0
89,0,572.64,143.16,153.52322999999998,30.21,262.63,232.42,4,0,1,0
79,0,-999,-999,-999,-999,-999,-999,-999,0,1,0
14,0,-999,-999,-999,-999,-999,-999,-999,0,1,0
41,1,2744.96,1372.48,1552.0598099999997,325.63,2419.33,2093.7,2,0,1,0
39,1,-999,-999,-999,-999,-999,-999,-999,0,1,0
19,0,-999,-999,-999,-999,-999,-999,-999,0,1,0
31,0,229.64,114.82,42.372708,86.24,143.4,57.16000000000001,2,0,1,0
26,0,162.56,162.56,0,162.56,162.56,0,1,0,1,0
55,0,-999,-999,-999,-999,-999,-999,-999,0,1,0
43,0,9069.35,2267.3375,730.113783,66.17,7405.28,7339.11,4,0,1,0
44,0,321.85,160.925,56.212779,123.01,198.84,75.83,2,0,1,0
20,1,11897.75,2974.4375,1021.7708550000001,1326.2,6429.09,5102.89,4,0,1,0
62,0,581.06,581.06,0,581.06,581.06,0,1,0,1,0
86,0,-999,-999,-999,-999,-999,-999,-999,0,1,0
11,0,387.34000000000003,193.67000000000002,77.12485199999999,141.65,245.69,104.03999999999999,2,0,1,0
22,1,3998.45,3998.45,0,3998.45,3998.45,0,1,0,1,0
27,1,242.39,242.39,0,242.39,242.39,0,1,0,1,0
27,0,-999,-999,-999,-999,-999,-999,-999,0,1,0
39,0,676.66,676.66,0,676.66,676.66,0,1,0,1,0
37,0,-999,-999,-999,-999,-999,-999,-999,0,1,0
63,0,-999,-999,-999,-999,-999,-999,-999,0,1,0
18,1,5399.48,2699.74,1053.3279959999998,1989.28,3410.2,1420.9199999999998,2,0,1,0
82,0,480.13,240.065,154.153335,136.09,344.04,207.95000000000002,2,0,1,0
65,0,133,133,0,133,133,0,1,0,1,0
10,0,-999,-999,-999,-999,-999,-999,-999,0,1,0
10,0,-999,-999,-999,-999,-999,-999,-999,0,1,0
18,0,140.25,140.25,0,140.25,140.25,0,1,0,1,0
27,0,99.76,99.76,0,99.76,99.76,0,1,0,1,0
35,0,315.05,157.525,117.04385699999999,78.58,236.47,157.89,2,0,1,0
44,0,1999.6200000000001,666.54,222.508608,107.65,1634.24,1526.59,3,0,1,0
61,0,614.58,614.58,0,614.58,614.58,0,1,0,1,0
64,0,-999,-999,-999,-999,-999,-999,-999,0,1,0
71,0,-999,-999,-999,-999,-999,-999,-999,0,1,0
13,0,-999,-999,-999,-999,-999,-999,-999,0,1,0
14,0,999.25,499.625,475.74410099999994,178.74,820.51,641.77,2,0,1,0
5,0,35.98,35.98,0,35.98,35.98,0,1,0,1,0
36,1,3136.61,1568.305,1684.285491,432.27,2704.34,2272.07,2,0,1,0
39,1,382.84,382.84,0,382.84,382.84,0,1,0,1,0
24,0,733.13,366.565,333.696195,141.49,591.64,450.15,2,0,1,0
22,0,436.75,436.75,0,436.75,436.75,0,1,0,1,0
41,0,104.52,104.52,0,104.52,104.52,0,1,0,1,0
34,1,9563.95,3187.983333333333,778.7801279999995,2471.34,4095.99,1624.6499999999996,3,0,1,0
61,0,522.3100000000001,261.15500000000003,195.07309499999997,129.58,392.73,263.15,2,0,1,0
89,0,-999,-999,-999,-999,-999,-999,-999,0,1,0
13,0,-999,-999,-999,-999,-999,-999,-999,0,1,0
19,0,258.74,258.74,0,258.74,258.74,0,1,0,1,0
17,0,202.04,202.04,0,202.04,202.04,0,1,0,1,0
28,0,88.27,88.27,0,88.27,88.27,0,1,0,1,0
25,0,3498.28,1749.14,2249.1190260000003,232.13,3266.15,3034.02,2,0,1,0
26,0,622.6800000000001,311.34000000000003,350.308728,75.06,547.62,472.56,2,0,1,0
45,0,286.34,286.34,0,286.34,286.34,0,1,0,1,0
47,0,-999,-999,-999,-999,-999,-999,-999,0,1,0
60,0,-999,-999,-999,-999,-999,-999,-999,0,1,0
50,0,418.71,418.71,0,418.71,418.71,0,1,0,1,0
70,0,-999,-999,-999,-999,-999,-999,-999,0,1,0
83,0,3326.15,554.3583333333333,234.50284200000002,79.01,1111.33,1032.32,6,0,1,0
82,0,169.28,169.28,0,169.28,169.28,0,1,0,1,0
8,0,36.31,36.31,0,36.31,36.31,0,1,0,1,0
15,0,96.2,96.2,0,96.2,96.2,0,1,0,1,0
33,1,-999,-999,-999,-999,-999,-999,-999,0,1,0
34,0,-999,-999,-999,-999,-999,-999,-999,0,1,0
41,0,-999,-999,-999,-999,-999,-999,-999,0,1,0
42,0,409.66999999999996,204.83499999999998,208.194105,64.41,345.26,280.85,2,0,1,0
23,1,-999,-999,-999,-999,-999,-999,-999,0,1,0
48,0,82.55,82.55,0,82.55,82.55,0,1,0,1,0
59,0,311.44,155.72,98.34085800000001,89.39,222.05,132.66000000000003,2,0,1,0
30,1,4618.95,2309.475,2642.341611,527.24,4091.71,3564.4700000000003,2,0,1,0
70,0,980.69,980.69,0,980.69,980.69,0,1,0,1,0
57,0,-999,-999,-999,-999,-999,-999,-999,0,1,0
70,0,-999,-999,-999,-999,-999,-999,-999,0,1,0
13,0,-999,-999,-999,-999,-999,-999,-999,0,1,0
31,1,-999,-999,-999,-999,-999,-999,-999,0,1,0
35,1,3690.63,3690.63,0,3690.63,3690.63,0,1,0,1,0
19,0,69.03,69.03,0,69.03,69.03,0,1,0,1,0
12,0,159.37,159.37,0,159.37,159.37,0,1,0,1,0
31,0,-999,-999,-999,-999,-999,-999,-999,0,1,0
33,0,-999,-999,-999,-999,-999,-999,-999,0,1,0
37,0,609.18,609.18,0,609.18,609.18,0,1,0,1,0
37,0,286.38,286.38,0,286.38,286.38,0,1,0,1,0
47,0,50.6,50.6,0,50.6,50.6,0,1,0,1,0
41,0,341.4,341.4,0,341.4,341.4,0,1,0,1,0
49,0,-999,-999,-999,-999,-999,-999,-999,0,1,0
65,0,-999,-999,-999,-999,-999,-999,-999,0,1,0
16,1,5062.1,5062.1,0,5062.1,5062.1,0,1,0,1,0
72,0,-999,-999,-999,-999,-999,-999,-999,0,1,0
27,0,181.06,181.06,0,181.06,181.06,0,1,0,1,0
22,0,-999,-999,-999,-999,-999,-999,-999,0,1,0
19,0,310.57,310.57,0,310.57,310.57,0,1,0,1,0
28,0,-999,-999,-999,-999,-999,-999,-999,0,1,0
34,0,-999,-999,-999,-999,-999,-999,-999,0,1,0
34,0,1666.8,555.6,340.612524,54.06,921.24,867.1800000000001,3,0,1,0
42,0,-999,-999,-999,-999,-999,-999,-999,0,1,0
48,0,-999,-999,-999,-999,-999,-999,-999,0,1,0
35,1,471.29,471.29,0,471.29,471.29,0,1,0,1,0
49,0,397.51,132.50333333333333,16.130687999999992,24.95,191.72,166.77,3,0,1,0
33,0,580.29,580.29,0,580.29,580.29,0,1,0,1,0
29,1,2041.93,2041.93,0,2041.93,2041.93,0,1,0,1,0
70,0,982.46,982.46,0,982.46,982.46,0,1,0,1,0
73,0,1893.77,473.4425,375.37949399999997,60.29,1203.91,1143.6200000000001,4,0,1,0
29,1,-999,-999,-999,-999,-999,-999,-999,0,1,0
77,0,26.22,26.22,0,26.22,26.22,0,1,0,1,0
42,0,2686.9700000000003,1343.4850000000001,1865.8150349999999,85.01,2601.96,2516.95,2,0,1,0
34,0,-999,-999,-999,-999,-999,-999,-999,0,1,0
48,1,783.08,783.08,0,783.08,783.08,0,1,0,1,0
42,0,130.3,130.3,0,130.3,130.3,0,1,0,1,0
53,0,-999,-999,-999,-999,-999,-999,-999,0,1,0
45,0,-999,-999,-999,-999,-999,-999,-999,0,1,0
58,0,1196.71,1196.71,0,1196.71,1196.71,0,1,0,1,0
22,1,-999,-999,-999,-999,-999,-999,-999,0,1,0
63,0,95.21,95.21,0,95.21,95.21,0,1,0,1,0
16,0,60.56,60.56,0,60.56,60.56,0,1,0,1,0
11,0,-999,-999,-999,-999,-999,-999,-999,0,1,0
18,1,805.32,805.32,0,805.32,805.32,0,1,0,1,0
39,0,-999,-999,-999,-999,-999,-999,-999,0,1,0
49,0,-999,-999,-999,-999,-999,-999,-999,0,1,0
65,0,466.57,233.285,324.978507,14.09,452.48,438.39000000000004,2,0,1,0
57,0,286.58,286.58,0,286.58,286.58,0,1,0,1,0
27,1,1996.07,1996.07,0,1996.07,1996.07,0,1,0,1,0
69,0,-999,-999,-999,-999,-999,-999,-999,0,1,0
74,0,53.3,53.3,0,53.3,53.3,0,1,0,1,0
32,1,3803.05,1901.525,609.0298409999999,1490.74,2312.31,821.5699999999999,2,0,1,0
8,0,668.25,334.125,378.767235,78.65,589.6,510.95000000000005,2,0,1,0
18,0,-999,-999,-999,-999,-999,-999,-999,0,1,0
24,0,66.79,66.79,0,66.79,66.79,0,1,0,1,0
22,0,126.04,126.04,0,126.04,126.04,0,1,0,1,0
24,1,1833.35,1833.35,0,1833.35,1833.35,0,1,0,1,0
41,0,311.51,311.51,0,311.51,311.51,0,1,0,1,0
47,0,-999,-999,-999,-999,-999,-999,-999,0,1,0
59,0,-999,-999,-999,-999,-999,-999,-999,0,1,0
48,0,370.81,185.405,189.246477,57.76,313.05,255.29000000000002,2,0,1,0
61,0,84.9,84.9,0,84.9,84.9,0,1,0,1,0
77,0,-999,-999,-999,-999,-999,-999,-999,0,1,0
15,0,184.99,184.99,0,184.99,184.99,0,1,0,1,0
12,0,-999,-999,-999,-999,-999,-999,-999,0,1,0
20,0,1172.33,390.7766666666667,272.17570800000004,203.25,576.33,373.08000000000004,3,0,1,0
21,0,220.71,73.57000000000001,16.738554000000008,54.72,99.98,45.260000000000005,3,0,1,0
20,0,315.05,105.01666666666667,38.399339999999995,23.29,242.57,219.28,3,0,1,0
30,0,25.93,25.93,0,25.93,25.93,0,1,0,1,0
24,0,172.66,86.33,11.890451999999993,78.31,94.35,16.039999999999992,2,0,1,0
35,0,-999,-999,-999,-999,-999,-999,-999,0,1,0
39,0,-999,-999,-999,-999,-999,-999,-999,0,1,0
23,1,1118.92,559.46,143.78254800000002,462.48,656.44,193.96000000000004,2,0,1,0
40,0,273.13,273.13,0,273.13,273.13,0,1,0,1,0
44,0,164.37,164.37,0,164.37,164.37,0,1,0,1,0
46,0,-999,-999,-999,-999,-999,-999,-999,0,1,0
59,0,275.88,275.88,0,275.88,275.88,0,1,0,1,0
70,0,-999,-999,-999,-999,-999,-999,-999,0,1,0
62,0,1274,424.66666666666663,377.17343999999997,63.09,893.42,830.3299999999999,3,0,1,0
64,0,498.5,498.5,0,498.5,498.5,0,1,0,1,0
75,0,231.11,115.555,5.448555000000006,111.88,119.23,7.3500000000000085,2,0,1,0
5,0,-999,-999,-999,-999,-999,-999,-999,0,1,0
32,0,-999,-999,-999,-999,-999,-999,-999,0,1,0
41,0,183.13,183.13,0,183.13,183.13,0,1,0,1,0
47,0,211.42,211.42,0,211.42,211.42,0,1,0,1,0
60,0,241.19,241.19,0,241.19,241.19,0,1,0,1,0
88,0,-999,-999,-999,-999,-999,-999,-999,0,1,0
10,0,269.85,269.85,0,269.85,269.85,0,1,0,1,0
34,0,97.93,97.93,0,97.93,97.93,0,1,0,1,0
34,0,-999,-999,-999,-999,-999,-999,-999,0,1,0
26,0,141.6,141.6,0,141.6,141.6,0,1,0,1,0
34,0,50.17,50.17,0,50.17,50.17,0,1,0,1,0
51,0,-999,-999,-999,-999,-999,-999,-999,0,1,0
61,0,170.64,170.64,0,170.64,170.64,0,1,0,1,0
55,0,1120.79,560.395,40.60100099999998,533.01,587.78,54.76999999999998,2,0,1,0
47,0,327.95,327.95,0,327.95,327.95,0,1,0,1,0
88,0,435.75,217.875,148.000545,118.05,317.7,199.64999999999998,2,0,1,0
67,0,-999,-999,-999,-999,-999,-999,-999,0,1,0
69,0,133.22,133.22,0,133.22,133.22,0,1,0,1,0
13,0,583.22,194.40666666666667,7.1016539999999875,171.49,208.26,36.76999999999998,3,0,1,0
16,0,-999,-999,-999,-999,-999,-999,-999,0,1,0
27,0,-999,-999,-999,-999,-999,-999,-999,0,1,0
32,0,-999,-999,-999,-999,-999,-999,-999,0,1,0
30,0,-999,-999,-999,-999,-999,-999,-999,0,1,0
25,0,-999,-999,-999,-999,-999,-999,-999,0,1,0
51,0,486.75,486.75,0,486.75,486.75,0,1,0,1,0
46,0,57.96,57.96,0,57.96,57.96,0,1,0,1,0
49,0,-999,-999,-999,-999,-999,-999,-999,0,1,0
58,0,1497.81,499.27,140.52082800000002,174.39,1054.25,879.86,3,0,1,0
61,0,1212.51,606.255,810.1148789999999,59.84,1152.67,1092.8300000000002,2,0,1,0
79,0,321.74,321.74,0,321.74,321.74,0,1,0,1,0
21,0,-999,-999,-999,-999,-999,-999,-999,0,1,0
26,0,-999,-999,-999,-999,-999,-999,-999,0,1,0
39,0,241.8,120.9,113.35959600000001,44.44,197.36,152.92000000000002,2,0,1,0
44,0,-999,-999,-999,-999,-999,-999,-999,0,1,0
63,0,167.39,167.39,0,167.39,167.39,0,1,0,1,0
57,0,253.3,126.65,31.727640000000008,105.25,148.05,42.80000000000001,2,0,1,0
36,1,7544.14,7544.14,0,7544.14,7544.14,0,1,0,1,0
60,0,-999,-999,-999,-999,-999,-999,-999,0,1,0
70,0,467.69000000000005,155.89666666666668,13.714049999999999,117.04,224.36,107.32000000000001,3,0,1,0
34,1,602.83,301.415,174.672519,183.6,419.23,235.63000000000002,2,0,1,0
62,0,789.62,789.62,0,789.62,789.62,0,1,0,1,0
68,0,27.31,27.31,0,27.31,27.31,0,1,0,1,0
69,0,82.13,82.13,0,82.13,82.13,0,1,0,1,0
16,1,1615.39,1615.39,0,1615.39,1615.39,0,1,0,1,0
16,0,138.96,138.96,0,138.96,138.96,0,1,0,1,0
30,0,205.85,205.85,0,205.85,205.85,0,1,0,1,0
39,0,-999,-999,-999,-999,-999,-999,-999,0,1,0
25,1,503.15,503.15,0,503.15,503.15,0,1,0,1,0
31,0,-999,-999,-999,-999,-999,-999,-999,0,1,0
29,1,-999,-999,-999,-999,-999,-999,-999,0,1,0
38,1,-999,-999,-999,-999,-999,-999,-999,0,1,0
47,0,-999,-999,-999,-999,-999,-999,-999,0,1,0
29,1,-999,-999,-999,-999,-999,-999,-999,0,1,0
73,0,646.97,646.97,0,646.97,646.97,0,1,0,1,0
75,0,-999,-999,-999,-999,-999,-999,-999,0,1,0
68,0,254.94,254.94,0,254.94,254.94,0,1,0,1,0
26,1,497.27,497.27,0,497.27,497.27,0,1,0,1,0
15,0,369.97,369.97,0,369.97,369.97,0,1,0,1,0
14,0,-999,-999,-999,-999,-999,-999,-999,0,1,0
18,0,476.54,476.54,0,476.54,476.54,0,1,0,1,0
29,0,73.36,73.36,0,73.36,73.36,0,1,0,1,0
17,0,786.54,262.18,123.17440800000001,68.85,565.76,496.90999999999997,3,0,1,0
30,0,-999,-999,-999,-999,-999,-999,-999,0,1,0
43,0,221.11,221.11,0,221.11,221.11,0,1,0,1,0
78,0,-999,-999,-999,-999,-999,-999,-999,0,1,0
82,0,621.66,207.22,95.31635399999999,118.59,320.19,201.6,3,0,1,0
36,1,221.76,221.76,0,221.76,221.76,0,1,0,1,0
10,0,-999,-999,-999,-999,-999,-999,-999,0,1,0
9,0,148.82,148.82,0,148.82,148.82,0,1,0,1,0
25,0,191.65,191.65,0,191.65,191.65,0,1,0,1,0
18,0,25.74,25.74,0,25.74,25.74,0,1,0,1,0
27,0,751.75,375.875,518.5467629999999,26.12,725.63,699.51,2,0,1,0
38,1,4687.219999999999,2343.6099999999997,49.13336400000014,2310.47,2376.75,66.2800000000002,2,0,1,0
59,0,638.94,159.735,66.27963299999999,86.09,242.94,156.85,4,0,1,0
40,0,79.12,79.12,0,79.12,79.12,0,1,0,1,0
59,0,70.53,70.53,0,70.53,70.53,0,1,0,1,0
42,1,9431.56,3143.853333333333,772.3456439999999,735.88,7438.86,6702.98,3,0,1,0
46,0,-999,-999,-999,-999,-999,-999,-999,0,1,0
57,0,-999,-999,-999,-999,-999,-999,-999,0,1,0
81,0,1880.81,470.2025,221.97487199999995,108.83,784.81,675.9799999999999,4,0,1,0
14,0,101.83,101.83,0,101.83,101.83,0,1,0,1,0
21,0,203.7,203.7,0,203.7,203.7,0,1,0,1,0
26,0,-999,-999,-999,-999,-999,-999,-999,0,1,0
25,0,82.92,82.92,0,82.92,82.92,0,1,0,1,0
51,0,343.31,343.31,0,343.31,343.31,0,1,0,1,0
40,0,-999,-999,-999,-999,-999,-999,-999,0,1,0
66,0,939.35,234.8375,119.05278000000001,81.11,364.74,283.63,4,0,1,0
68,0,-999,-999,-999,-999,-999,-999,-999,0,1,0
36,1,717.26,717.26,0,717.26,717.26,0,1,0,1,0
71,0,1646.55,1646.55,0,1646.55,1646.55,0,1,0,1,0
76,0,-999,-999,-999,-999,-999,-999,-999,0,1,0
77,0,-999,-999,-999,-999,-999,-999,-999,0,1,0
10,0,789.05,157.81,94.35266399999999,76.42,255.27,178.85000000000002,5,0,1,0
9,0,303.37,303.37,0,303.37,303.37,0,1,0,1,0
16,0,-999,-999,-999,-999,-999,-999,-999,0,1,0
27,0,-999,-999,-999,-999,-999,-999,-999,0,1,0
31,0,-999,-999,-999,-999,-999,-999,-999,0,1,0
36,0,914.81,914.81,0,914.81,914.81,0,1,0,1,0
40,0,75.27,75.27,0,75.27,75.27,0,1,0,1,0
55,0,155.42,155.42,0,155.42,155.42,0,1,0,1,0
71,0,171.29,171.29,0,171.29,171.29,0,1,0,1,0
56,0,82.29,82.29,0,82.29,82.29,0,1,0,1,0
61,0,627.53,156.8825,77.89580400000003,20.31,269.8,249.49,4,0,1,0
83,0,2234.0699999999997,1117.0349999999999,522.3422189999999,764.72,1469.35,704.6299999999999,2,0,1,0
67,0,-999,-999,-999,-999,-999,-999,-999,0,1,0
31,1,853.79,853.79,0,853.79,853.79,0,1,0,1,0
12,0,971.23,971.23,0,971.23,971.23,0,1,0,1,0
15,0,523.52,523.52,0,523.52,523.52,0,1,0,1,0
33,1,779.04,779.04,0,779.04,779.04,0,1,0,1,0
24,0,393.44,131.14666666666668,18.10254600000001,51.97,176.84,124.87,3,0,1,0
27,0,1290.72,430.24,122.15141399999997,275.54,657.25,381.71,3,0,1,0
31,0,106.49,106.49,0,106.49,106.49,0,1,0,1,0
17,0,15.25,15.25,0,15.25,15.25,0,1,0,1,0
66,0,418.02,418.02,0,418.02,418.02,0,1,0,1,0
57,0,516.54,516.54,0,516.54,516.54,0,1,0,1,0
76,0,-999,-999,-999,-999,-999,-999,-999,0,1,0
70,0,277.33,277.33,0,277.33,277.33,0,1,0,1,0
94,0,708.53,354.265,467.752887,38.77,669.76,630.99,2,0,1,0
82,0,554.45,277.225,109.92737699999999,203.08,351.37,148.29,2,0,1,0
13,0,227.68,113.84,49.88949000000001,80.19,147.49,67.30000000000001,2,0,1,0
10,0,910.2,303.4,340.68665400000003,30.33,619.75,589.42,3,0,1,0
21,1,-999,-999,-999,-999,-999,-999,-999,0,1,0
21,0,-999,-999,-999,-999,-999,-999,-999,0,1,0
25,0,95.33,95.33,0,95.33,95.33,0,1,0,1,0
34,0,-999,-999,-999,-999,-999,-999,-999,0,1,0
48,0,732.9,732.9,0,732.9,732.9,0,1,0,1,0
10,1,900.04,900.04,0,900.04,900.04,0,1,0,1,0
60,0,53.32,53.32,0,53.32,53.32,0,1,0,1,0
50,0,570.39,285.195,174.31669499999998,167.62,402.77,235.14999999999998,2,0,1,0
54,0,-999,-999,-999,-999,-999,-999,-999,0,1,0
80,0,767.49,255.83,34.60388399999996,222.3,299.55,77.25,3,0,1,0
87,0,435.59,435.59,0,435.59,435.59,0,1,0,1,0
69,0,266.15,266.15,0,266.15,266.15,0,1,0,1,0
70,0,176.41,176.41,0,176.41,176.41,0,1,0,1,0
12,0,171.35999999999999,57.12,13.921613999999995,16.01,129.95,113.93999999999998,3,0,1,0
27,0,180.57,90.285,44.663325,60.16,120.41,60.25,2,0,1,0
19,0,239.67,79.89,71.37236399999999,11.82,167.89,156.07,3,0,1,0
27,0,169.43,84.715,76.420617,33.17,136.26,103.08999999999999,2,0,1,0
19,0,-999,-999,-999,-999,-999,-999,-999,0,1,0
29,0,1840.8999999999999,613.6333333333333,188.66084999999998,165.64,1382.37,1216.73,3,0,1,0
34,1,5600.99,1866.9966666666667,562.5280919999998,1203.41,2814.75,1611.34,3,0,1,0
43,0,-999,-999,-999,-999,-999,-999,-999,0,1,0
40,0,1230.25,1230.25,0,1230.25,1230.25,0,1,0,1,0
30,1,12031.78,4010.5933333333332,4916.568468,583.78,7382.09,6798.31,3,0,1,0
79,0,173.59,173.59,0,173.59,173.59,0,1,0,1,0
27,1,4157.88,2078.94,849.411192,1506.02,2651.86,1145.8400000000001,2,0,1,0
19,0,570.84,285.42,193.672038,154.79,416.05,261.26,2,0,1,0
23,0,139.19,139.19,0,139.19,139.19,0,1,0,1,0
20,0,-999,-999,-999,-999,-999,-999,-999,0,1,0
32,0,820.25,820.25,0,820.25,820.25,0,1,0,1,0
41,0,1961.9299999999998,490.48249999999996,142.04790599999998,130.02,1198.86,1068.84,4,0,1,0
17,1,-999,-999,-999,-999,-999,-999,-999,0,1,0
47,0,-999,-999,-999,-999,-999,-999,-999,0,1,0
69,0,1534.49,1534.49,0,1534.49,1534.49,0,1,0,1,0
24,1,2894.64,2894.64,0,2894.64,2894.64,0,1,0,1,0
13,0,1780.3999999999999,445.09999999999997,279.017907,68.84,785.51,716.67,4,0,1,0
32,0,93.69,93.69,0,93.69,93.69,0,1,0,1,0
44,0,365.03,182.515,67.49536499999998,136.99,228.04,91.04999999999998,2,0,1,0
43,0,-999,-999,-999,-999,-999,-999,-999,0,1,0
55,0,716.53,358.265,416.41044899999997,77.4,639.13,561.73,2,0,1,0
42,0,-999,-999,-999,-999,-999,-999,-999,0,1,0
67,0,1399.73,466.57666666666665,44.151828,229.84,910.27,680.43,3,0,1,0
23,1,1271.17,635.585,445.45458299999996,335.13,936.04,600.91,2,0,1,0
50,0,-999,-999,-999,-999,-999,-999,-999,0,1,0
59,0,1008.5600000000001,504.28000000000003,201.722556,368.22,640.34,272.12,2,0,1,0
68,0,366.24,183.12,129.638544,95.68,270.56,174.88,2,0,1,0
69,0,53.14,53.14,0,53.14,53.14,0,1,0,1,0
17,0,-999,-999,-999,-999,-999,-999,-999,0,1,0
40,0,1345.98,336.495,266.141526,74.03,634.1,560.07,4,0,1,0
50,0,242.98,121.49,22.22417399999999,106.5,136.48,29.97999999999999,2,0,1,0
23,1,2042.33,1021.165,1284.102099,155.05,1887.28,1732.23,2,0,1,0
32,1,6658.91,6658.91,0,6658.91,6658.91,0,1,0,1,0
19,1,1590.35,795.175,290.493231,599.24,991.11,391.87,2,0,1,0
82,0,630.71,315.355,355.87589099999997,75.32,555.39,480.07,2,0,1,0
29,0,117.69,117.69,0,117.69,117.69,0,1,0,1,0
20,0,-999,-999,-999,-999,-999,-999,-999,0,1,0
29,0,-999,-999,-999,-999,-999,-999,-999,0,1,0
34,0,-999,-999,-999,-999,-999,-999,-999,0,1,0
38,0,418.56,209.28,137.49632399999996,116.54,302.02,185.47999999999996,2,0,1,0
36,0,115.52,57.76,4.670189999999998,54.61,60.91,6.299999999999997,2,0,1,0
42,1,-999,-999,-999,-999,-999,-999,-999,0,1,0
79,0,1241.43,413.81,4.773971999999998,198.46,841.29,642.8299999999999,3,0,1,0
22,1,-999,-999,-999,-999,-999,-999,-999,0,1,0
72,0,-999,-999,-999,-999,-999,-999,-999,0,1,0
14,1,-999,-999,-999,-999,-999,-999,-999,0,1,0
20,0,427.7,427.7,0,427.7,427.7,0,1,0,1,0
33,0,272.91,272.91,0,272.91,272.91,0,1,0,1,0
49,0,-999,-999,-999,-999,-999,-999,-999,0,1,0
69,0,1644.6,411.15,263.539563,54.91,1119.12,1064.2099999999998,4,0,1,0
77,0,1660.74,553.58,6.241746000000053,417.14,822.25,405.11,3,0,1,0
11,0,-999,-999,-999,-999,-999,-999,-999,0,1,0
13,0,51.84,51.84,0,51.84,51.84,0,1,0,1,0
14,0,509.56,254.78,288.617742,60.11,449.45,389.34,2,0,1,0
14,1,6912.74,1728.185,296.38656600000013,1132.03,3034.12,1902.09,4,0,1,0
33,0,528.01,264.005,132.833547,174.41,353.6,179.19000000000003,2,0,1,0
28,0,790.3199999999999,395.15999999999997,165.28024799999997,283.68,506.64,222.95999999999998,2,0,1,0
37,0,85.19,85.19,0,85.19,85.19,0,1,0,1,0
51,0,-999,-999,-999,-999,-999,-999,-999,0,1,0
64,0,286.03999999999996,143.01999999999998,24.72976799999999,126.34,159.7,33.359999999999985,2,0,1,0
62,0,324.13,162.065,158.03774700000002,55.47,268.66,213.19000000000003,2,0,1,0
53,0,-999,-999,-999,-999,-999,-999,-999,0,1,0
56,0,208.11,208.11,0,208.11,208.11,0,1,0,1,0
67,0,24.94,24.94,0,24.94,24.94,0,1,0,1,0
9,0,367.2,367.2,0,367.2,367.2,0,1,0,1,0
12,0,-999,-999,-999,-999,-999,-999,-999,0,1,0
10,0,-999,-999,-999,-999,-999,-999,-999,0,1,0
31,1,-999,-999,-999,-999,-999,-999,-999,0,1,0
25,0,618.9100000000001,206.30333333333334,32.73580799999998,113.18,370.47,257.29,3,0,1,0
25,0,-999,-999,-999,-999,-999,-999,-999,0,1,0
41,0,-999,-999,-999,-999,-999,-999,-999,0,1,0
34,0,1033.1599999999999,258.28999999999996,24.907680000000017,126.91,590.39,463.48,4,0,1,0
14,1,383.96,383.96,0,383.96,383.96,0,1,0,1,0
54,0,352.42,176.21,240.388764,14.07,338.35,324.28000000000003,2,0,1,0
65,0,-999,-999,-999,-999,-999,-999,-999,0,1,0
73,0,359.4,359.4,0,359.4,359.4,0,1,0,1,0
73,0,-999,-999,-999,-999,-999,-999,-999,0,1,0
83,0,-999,-999,-999,-999,-999,-999,-999,0,1,0
13,0,1880.2800000000002,626.76,176.785224,93.88,952.82,858.94,3,0,1,0
16,0,141.03,141.03,0,141.03,141.03,0,1,0,1,0
31,1,494.97,494.97,0,494.97,494.97,0,1,0,1,0
29,0,329.35,329.35,0,329.35,329.35,0,1,0,1,0
35,1,-999,-999,-999,-999,-999,-999,-999,0,1,0
22,0,148.04000000000002,74.02000000000001,5.337360000000002,70.42,77.62,7.200000000000003,2,0,1,0
29,1,-999,-999,-999,-999,-999,-999,-999,0,1,0
55,0,242.43,121.215,8.309972999999994,115.61,126.82,11.209999999999994,2,0,1,0
64,0,279.57,279.57,0,279.57,279.57,0,1,0,1,0
74,0,303.21,151.605,151.677393,49.3,253.91,204.61,2,0,1,0
67,0,-999,-999,-999,-999,-999,-999,-999,0,1,0
22,1,1156.44,578.22,14.173656000000003,568.66,587.78,19.120000000000005,2,0,1,0
37,1,-999,-999,-999,-999,-999,-999,-999,0,1,0
34,1,6348.18,6348.18,0,6348.18,6348.18,0,1,0,1,0
33,0,76,76,0,76,76,0,1,0,1,0
26,0,-999,-999,-999,-999,-999,-999,-999,0,1,0
62,0,176.99,176.99,0,176.99,176.99,0,1,0,1,0
44,1,1539.86,769.93,590.994012,371.31,1168.55,797.24,2,0,1,0
66,0,119.96,119.96,0,119.96,119.96,0,1,0,1,0
78,0,577.05,288.525,297.580059,87.81,489.24,401.43,2,0,1,0
19,0,75.75,75.75,0,75.75,75.75,0,1,0,1,0
16,0,-999,-999,-999,-999,-999,-999,-999,0,1,0
18,0,-999,-999,-999,-999,-999,-999,-999,0,1,0
18,0,399.63,199.815,120.40935899999998,118.6,281.03,162.42999999999998,2,0,1,0
26,1,-999,-999,-999,-999,-999,-999,-999,0,1,0
21,1,-999,-999,-999,-999,-999,-999,-999,0,1,0
37,0,-999,-999,-999,-999,-999,-999,-999,0,1,0
43,0,1199.56,399.85333333333335,29.42961,30.11,1119.49,1089.38,3,0,1,0
27,1,7640.26,1910.065,487.8865949999999,1054.43,3577.63,2523.2,4,0,1,0
21,1,2345.58,781.86,163.02669600000004,365.15,1505.32,1140.17,3,0,1,0
42,0,609.81,203.26999999999998,136.65124199999997,99.25,319.14,219.89,3,0,1,0
40,0,88.77,88.77,0,88.77,88.77,0,1,0,1,0
68,0,-999,-999,-999,-999,-999,-999,-999,0,1,0
58,0,1179.69,294.9225,311.101371,59.21,566.86,507.65000000000003,4,0,1,0
69,0,-999,-999,-999,-999,-999,-999,-999,0,1,0
33,1,1577.5,1577.5,0,1577.5,1577.5,0,1,0,1,0
12,0,1342.6000000000001,268.52,235.43687999999997,92.11,571.57,479.46000000000004,5,0,1,0
20,0,125.46,125.46,0,125.46,125.46,0,1,0,1,0
23,0,-999,-999,-999,-999,-999,-999,-999,0,1,0
27,1,1775.52,1775.52,0,1775.52,1775.52,0,1,0,1,0
30,0,221.31,221.31,0,221.31,221.31,0,1,0,1,0
21,0,72.51,72.51,0,72.51,72.51,0,1,0,1,0
48,0,2397.78,799.2600000000001,113.21133599999997,96.81,2127.8,2030.9900000000002,3,0,1,0
51,0,27,27,0,27,27,0,1,0,1,0
57,0,-999,-999,-999,-999,-999,-999,-999,0,1,0
58,0,1543.6499999999999,771.8249999999999,918.4336349999999,152.35,1391.3,1238.95,2,0,1,0
57,0,-999,-999,-999,-999,-999,-999,-999,0,1,0
31,1,-999,-999,-999,-999,-999,-999,-999,0,1,0
64,0,737.23,368.615,350.67196499999994,132.09,605.14,473.04999999999995,2,0,1,0
23,1,-999,-999,-999,-999,-999,-999,-999,0,1,0
37,0,494.53999999999996,247.26999999999998,258.357876,73.01,421.53,348.52,2,0,1,0
37,0,204.56,102.28,67.814124,56.54,148.02,91.48000000000002,2,0,1,0
39,0,519.96,173.32,19.21449599999997,122.18,262.64,140.45999999999998,3,0,1,0
49,0,111.66,111.66,0,111.66,111.66,0,1,0,1,0
48,0,-999,-999,-999,-999,-999,-999,-999,0,1,0
41,0,49.43,49.43,0,49.43,49.43,0,1,0,1,0
52,0,385.99,385.99,0,385.99,385.99,0,1,0,1,0
61,0,-999,-999,-999,-999,-999,-999,-999,0,1,0
59,0,853.33,284.4433333333333,87.68096399999997,104.18,585.83,481.65000000000003,3,0,1,0
65,0,143.22,143.22,0,143.22,143.22,0,1,0,1,0
60,0,-999,-999,-999,-999,-999,-999,-999,0,1,0
73,0,230.85,115.425,110.075637,41.18,189.67,148.48999999999998,2,0,1,0
69,0,54.15,27.075,10.430090999999999,20.04,34.11,14.07,2,0,1,0
29,1,-999,-999,-999,-999,-999,-999,-999,0,1,0
31,1,432.36,432.36,0,432.36,432.36,0,1,0,1,0
15,0,-999,-999,-999,-999,-999,-999,-999,0,1,0
31,0,359.34,359.34,0,359.34,359.34,0,1,0,1,0
28,0,-999,-999,-999,-999,-999,-999,-999,0,1,0
28,0,156.47,156.47,0,156.47,156.47,0,1,0,1,0
33,0,565.61,282.805,221.641287,133.31,432.3,298.99,2,0,1,0
41,0,584.39,292.195,113.411487,215.7,368.69,152.99,2,0,1,0
80,0,-999,-999,-999,-999,-999,-999,-999,0,1,0
16,1,-999,-999,-999,-999,-999,-999,-999,0,1,0
77,0,335.07000000000005,167.53500000000003,151.499481,65.35,269.72,204.37000000000003,2,0,1,0
20,0,188.68,188.68,0,188.68,188.68,0,1,0,1,0
33,0,112.88,112.88,0,112.88,112.88,0,1,0,1,0
46,0,800.4200000000001,200.10500000000002,119.03054100000001,102.09,302.3,200.21,4,0,1,0
30,0,17.85,17.85,0,17.85,17.85,0,1,0,1,0
26,0,181.23,90.615,36.924153,65.71,115.52,49.81,2,0,1,0
22,1,1350.96,1350.96,0,1350.96,1350.96,0,1,0,1,0
52,0,1244.72,414.9066666666667,347.22492000000005,122.71,765.1,642.39,3,0,1,0
57,0,-999,-999,-999,-999,-999,-999,-999,0,1,0
58,0,-999,-999,-999,-999,-999,-999,-999,0,1,0
59,0,132.99,132.99,0,132.99,132.99,0,1,0,1,0
73,0,-999,-999,-999,-999,-999,-999,-999,0,1,0
65,0,-999,-999,-999,-999,-999,-999,-999,0,1,0
29,1,-999,-999,-999,-999,-999,-999,-999,0,1,0
79,0,853.36,853.36,0,853.36,853.36,0,1,0,1,0
88,0,735.07,367.535,358.159095,125.96,609.11,483.15000000000003,2,0,1,0
84,0,124.27,124.27,0,124.27,124.27,0,1,0,1,0
9,0,623.5,207.83333333333331,3.7954560000000033,33.89,553.16,519.27,3,0,1,0
25,1,-999,-999,-999,-999,-999,-999,-999,0,1,0
25,0,760.96,253.65333333333336,214.01331,22.46,571.69,549.23,3,0,1,0
54,0,935.44,467.72,249.86257799999998,299.19,636.25,337.06,2,0,1,0
60,0,80.43,80.43,0,80.43,80.43,0,1,0,1,0
63,0,251.67000000000002,125.83500000000001,70.623651,78.2,173.47,95.27,2,0,1,0
40,1,1092.35,1092.35,0,1092.35,1092.35,0,1,0,1,0
80,0,293.44,146.72,135.25759799999997,55.49,237.95,182.45999999999998,2,0,1,0
24,0,-999,-999,-999,-999,-999,-999,-999,0,1,0
20,0,-999,-999,-999,-999,-999,-999,-999,0,1,0
39,0,251.41,251.41,0,251.41,251.41,0,1,0,1,0
16,1,1324.92,1324.92,0,1324.92,1324.92,0,1,0,1,0
53,0,255,255,0,255,255,0,1,0,1,0
66,0,-999,-999,-999,-999,-999,-999,-999,0,1,0
67,0,1014.26,1014.26,0,1014.26,1014.26,0,1,0,1,0
72,0,-999,-999,-999,-999,-999,-999,-999,0,1,0
22,1,401.06,401.06,0,401.06,401.06,0,1,0,1,0
73,0,-999,-999,-999,-999,-999,-999,-999,0,1,0
21,0,152.55,152.55,0,152.55,152.55,0,1,0,1,0
24,0,-999,-999,-999,-999,-999,-999,-999,0,1,0
40,0,64.32,64.32,0,64.32,64.32,0,1,0,1,0
61,0,762.31,381.155,304.08867299999997,176.05,586.26,410.21,2,0,1,0
47,1,2834.53,2834.53,0,2834.53,2834.53,0,1,0,1,0
67,0,220.4,220.4,0,220.4,220.4,0,1,0,1,0
58,0,1439.54,479.8466666666667,69.000204,54.9,1283.2,1228.3,3,0,1,0
53,0,-999,-999,-999,-999,-999,-999,-999,0,1,0
70,0,683.57,683.57,0,683.57,683.57,0,1,0,1,0
71,0,207.47,103.735,24.366531000000002,87.3,120.17,32.870000000000005,2,0,1,0
20,0,255.54999999999998,85.18333333333332,22.238999999999997,23.63,123.46,99.83,3,0,1,0
20,0,-999,-999,-999,-999,-999,-999,-999,0,1,0
30,0,-999,-999,-999,-999,-999,-999,-999,0,1,0
27,0,179.69,89.845,52.209759000000005,54.63,125.06,70.43,2,0,1,0
40,0,169.4,169.4,0,169.4,169.4,0,1,0,1,0
24,1,-999,-999,-999,-999,-999,-999,-999,0,1,0
22,1,2915.65,2915.65,0,2915.65,2915.65,0,1,0,1,0
21,1,-999,-999,-999,-999,-999,-999,-999,0,1,0
72,0,-999,-999,-999,-999,-999,-999,-999,0,1,0
71,0,-999,-999,-999,-999,-999,-999,-999,0,1,0
79,0,-999,-999,-999,-999,-999,-999,-999,0,1,0
81,0,-999,-999,-999,-999,-999,-999,-999,0,1,0
82,0,405.44,202.72,78.91879799999998,149.49,255.95,106.45999999999998,2,0,1,0
16,0,-999,-999,-999,-999,-999,-999,-999,0,1,0
13,0,47,47,0,47,47,0,1,0,1,0
36,1,-999,-999,-999,-999,-999,-999,-999,0,1,0
30,0,113,113,0,113,113,0,1,0,1,0
30,0,-999,-999,-999,-999,-999,-999,-999,0,1,0
35,1,-999,-999,-999,-999,-999,-999,-999,0,1,0
26,0,278.02,139.01,46.776030000000006,107.46,170.56,63.10000000000001,2,0,1,0
57,0,400.29,400.29,0,400.29,400.29,0,1,0,1,0
70,0,2778.01,2778.01,0,2778.01,2778.01,0,1,0,1,0
54,0,273.17,273.17,0,273.17,273.17,0,1,0,1,0
89,0,-999,-999,-999,-999,-999,-999,-999,0,1,0
26,1,-999,-999,-999,-999,-999,-999,-999,0,1,0
11,0,124.11,124.11,0,124.11,124.11,0,1,0,1,0
21,0,1209.9,403.3,65.441964,49.14,1067.48,1018.34,3,0,1,0
25,0,490.38,490.38,0,490.38,490.38,0,1,0,1,0
22,0,162.58,162.58,0,162.58,162.58,0,1,0,1,0
33,0,453.07,226.535,196.57052099999996,93.95,359.12,265.17,2,0,1,0
44,0,502.52,502.52,0,502.52,502.52,0,1,0,1,0
48,0,-999,-999,-999,-999,-999,-999,-999,0,1,0
46,0,-999,-999,-999,-999,-999,-999,-999,0,1,0
63,0,43.64,43.64,0,43.64,43.64,0,1,0,1,0
69,0,457.11,228.555,111.97336499999999,153.03,304.08,151.04999999999998,2,0,1,0
18,0,421.27,210.635,201.50757900000002,74.72,346.55,271.83000000000004,2,0,1,0
23,0,34.99,34.99,0,34.99,34.99,0,1,0,1,0
33,0,479.49,239.745,177.86010899999997,119.78,359.71,239.92999999999998,2,0,1,0
34,0,291.01,145.505,101.74342499999999,76.88,214.13,137.25,2,0,1,0
48,0,350.76,350.76,0,350.76,350.76,0,1,0,1,0
43,0,157.87,157.87,0,157.87,157.87,0,1,0,1,0
56,0,-999,-999,-999,-999,-999,-999,-999,0,1,0
70,0,545.16,545.16,0,545.16,545.16,0,1,0,1,0
57,0,83,83,0,83,83,0,1,0,1,0
31,1,-999,-999,-999,-999,-999,-999,-999,0,1,0
27,0,169.9,169.9,0,169.9,169.9,0,1,0,1,0
24,0,-999,-999,-999,-999,-999,-999,-999,0,1,0
32,1,1515.69,1515.69,0,1515.69,1515.69,0,1,0,1,0
25,0,2744.8,1372.4,1439.2339499999998,401.65,2343.15,1941.5,2,0,1,0
36,0,264.68,88.22666666666666,34.381494000000004,61.46,118.57,57.10999999999999,3,0,1,0
38,0,643.4000000000001,214.46666666666667,45.36756,15.17,582.46,567.2900000000001,3,0,1,0
22,0,6300.26,3150.13,3495.9114959999997,792.17,5508.09,4715.92,2,0,1,0
42,0,588.38,294.19,371.3468219999999,43.72,544.66,500.93999999999994,2,0,1,0
47,0,780.51,780.51,0,780.51,780.51,0,1,0,1,0
48,0,1206.8,603.4,137.89662599999997,510.39,696.41,186.01999999999998,2,0,1,0
58,0,-999,-999,-999,-999,-999,-999,-999,0,1,0
12,0,-999,-999,-999,-999,-999,-999,-999,0,1,0
19,0,49.49,49.49,0,49.49,49.49,0,1,0,1,0
14,0,491.04999999999995,163.68333333333334,13.091357999999977,133.34,215.54,82.19999999999999,3,0,1,0
30,0,-999,-999,-999,-999,-999,-999,-999,0,1,0
35,1,2160.55,2160.55,0,2160.55,2160.55,0,1,0,1,0
36,0,-999,-999,-999,-999,-999,-999,-999,0,1,0
40,1,897.81,897.81,0,897.81,897.81,0,1,0,1,0
51,0,2385.86,596.465,476.22594599999985,114.36,1077.34,962.9799999999999,4,0,1,0
54,0,-999,-999,-999,-999,-999,-999,-999,0,1,0
75,0,881.17,881.17,0,881.17,881.17,0,1,0,1,0
59,0,187.73000000000002,93.86500000000001,58.436679,54.45,133.28,78.83,2,0,1,0
13,1,2784.7999999999997,1392.3999999999999,1852.5531779999994,142.87,2641.93,2499.06,2,0,1,0
64,0,-999,-999,-999,-999,-999,-999,-999,0,1,0
55,0,-999,-999,-999,-999,-999,-999,-999,0,1,0
58,0,1135.96,1135.96,0,1135.96,1135.96,0,1,0,1,0
71,0,1124.62,562.31,442.971228,263.53,861.09,597.5600000000001,2,0,1,0
17,1,3228.3900000000003,1076.13,98.26672799999996,767.23,1263.72,496.49,3,0,1,0
10,0,-999,-999,-999,-999,-999,-999,-999,0,1,0
21,1,750.12,750.12,0,750.12,750.12,0,1,0,1,0
12,0,1040.7,260.175,95.50167899999998,42.17,659.12,616.95,4,0,1,0
28,0,-999,-999,-999,-999,-999,-999,-999,0,1,0
23,0,-999,-999,-999,-999,-999,-999,-999,0,1,0
21,0,341.98,170.99,20.356098000000006,157.26,184.72,27.460000000000008,2,0,1,0
38,0,-999,-999,-999,-999,-999,-999,-999,0,1,0
41,0,-999,-999,-999,-999,-999,-999,-999,0,1,0
34,0,151.12,151.12,0,151.12,151.12,0,1,0,1,0
48,0,-999,-999,-999,-999,-999,-999,-999,0,1,0
34,1,-999,-999,-999,-999,-999,-999,-999,0,1,0
36,0,1440.71,720.355,449.22038699999996,417.36,1023.35,605.99,2,0,1,0
55,0,-999,-999,-999,-999,-999,-999,-999,0,1,0
61,0,-999,-999,-999,-999,-999,-999,-999,0,1,0
78,0,-999,-999,-999,-999,-999,-999,-999,0,1,0
76,0,-999,-999,-999,-999,-999,-999,-999,0,1,0
82,0,89.28999999999999,44.644999999999996,6.3232889999999955,40.38,48.91,8.529999999999994,2,0,1,0
82,0,263.8,263.8,0,263.8,263.8,0,1,0,1,0
12,0,-999,-999,-999,-999,-999,-999,-999,0,1,0
5,0,-999,-999,-999,-999,-999,-999,-999,0,1,0
23,0,895.32,298.44,140.594958,30.94,738.61,707.67,3,0,1,0
27,0,760.56,253.52,1.349166000000037,207.67,344.31,136.64000000000001,3,0,1,0
30,0,219.11,219.11,0,219.11,219.11,0,1,0,1,0
36,0,218.82999999999998,109.41499999999999,19.725993,96.11,122.72,26.61,2,0,1,0
28,1,1538.99,769.495,458.827635,460.02,1078.97,618.95,2,0,1,0
58,0,1457.96,1457.96,0,1457.96,1457.96,0,1,0,1,0
56,0,170.77,170.77,0,170.77,170.77,0,1,0,1,0
70,0,622.87,311.435,366.60991500000006,64.16,558.71,494.55000000000007,2,0,1,0
49,0,205.88,205.88,0,205.88,205.88,0,1,0,1,0
60,0,551.69,183.89666666666668,12.987575999999986,160.8,221.33,60.53,3,0,1,0
13,0,290.84,145.42,147.22217999999998,46.12,244.72,198.6,2,0,1,0
45,1,207.87,207.87,0,207.87,207.87,0,1,0,1,0
23,0,152.53,152.53,0,152.53,152.53,0,1,0,1,0
44,0,866.38,433.19,504.85495199999997,92.67,773.71,681.0400000000001,2,0,1,0
53,0,-999,-999,-999,-999,-999,-999,-999,0,1,0
18,1,-999,-999,-999,-999,-999,-999,-999,0,1,0
59,0,930.27,930.27,0,930.27,930.27,0,1,0,1,0
65,0,58.47,58.47,0,58.47,58.47,0,1,0,1,0
61,0,-999,-999,-999,-999,-999,-999,-999,0,1,0
15,0,987.21,493.605,186.310929,367.94,619.27,251.32999999999998,2,0,1,0
15,0,-999,-999,-999,-999,-999,-999,-999,0,1,0
48,1,3200.1099999999997,1600.0549999999998,1163.166417,815.51,2384.6,1569.09,2,0,1,0
19,0,-999,-999,-999,-999,-999,-999,-999,0,1,0
37,1,1872.09,1872.09,0,1872.09,1872.09,0,1,0,1,0
35,1,-999,-999,-999,-999,-999,-999,-999,0,1,0
39,1,4287.74,2143.87,367.3289760000001,1896.11,2391.63,495.5200000000002,2,0,1,0
55,0,187.35,93.675,5.137209000000005,90.21,97.14,6.930000000000007,2,0,1,0
20,1,-999,-999,-999,-999,-999,-999,-999,0,1,0
59,0,359.36,179.68,42.002058,151.35,208.01,56.66,2,0,1,0
22,1,1902.48,1902.48,0,1902.48,1902.48,0,1,0,1,0
56,0,183.96,183.96,0,183.96,183.96,0,1,0,1,0
66,0,-999,-999,-999,-999,-999,-999,-999,0,1,0
20,0,-999,-999,-999,-999,-999,-999,-999,0,1,0
40,1,7510.73,1877.6825,352.92551700000007,1166.18,2423.35,1257.1699999999998,4,0,1,0
38,0,2908.16,969.3866666666667,255.4519799999999,768.82,1198.22,429.4,3,0,1,0
19,1,-999,-999,-999,-999,-999,-999,-999,0,1,0
25,1,-999,-999,-999,-999,-999,-999,-999,0,1,0
66,0,-999,-999,-999,-999,-999,-999,-999,0,1,0
62,0,50.84,50.84,0,50.84,50.84,0,1,0,1,0
77,0,427.84,427.84,0,427.84,427.84,0,1,0,1,0
75,0,-999,-999,-999,-999,-999,-999,-999,0,1,0
93,0,-999,-999,-999,-999,-999,-999,-999,0,1,0
28,1,10404.11,10404.11,0,10404.11,10404.11,0,1,0,1,0
11,0,241.8,241.8,0,241.8,241.8,0,1,0,1,0
23,0,350.6,350.6,0,350.6,350.6,0,1,0,1,0
42,0,88.17,88.17,0,88.17,88.17,0,1,0,1,0
33,1,4037.56,4037.56,0,4037.56,4037.56,0,1,0,1,0
32,1,-999,-999,-999,-999,-999,-999,-999,0,1,0
40,0,-999,-999,-999,-999,-999,-999,-999,0,1,0
57,0,93.53,93.53,0,93.53,93.53,0,1,0,1,0
37,1,3032.4700000000003,1516.2350000000001,143.789961,1419.25,1613.22,193.97000000000003,2,0,1,0
59,0,513.53,256.765,41.47573500000001,228.79,284.74,55.95000000000002,2,0,1,0
58,0,-999,-999,-999,-999,-999,-999,-999,0,1,0
57,0,24.41,24.41,0,24.41,24.41,0,1,0,1,0
56,0,-999,-999,-999,-999,-999,-999,-999,0,1,0
37,0,174.53,87.265,82.75131900000001,31.45,143.08,111.63000000000001,2,0,1,0
64,0,135.76,135.76,0,135.76,135.76,0,1,0,1,0
65,0,646.52,646.52,0,646.52,646.52,0,1,0,1,0
21,1,322.89,322.89,0,322.89,322.89,0,1,0,1,0
70,0,396.4,198.2,145.50236399999997,100.06,296.34,196.27999999999997,2,0,1,0
31,0,255.8,85.26666666666667,12.616926000000007,46.23,154.83,108.60000000000002,3,0,1,0
9,0,-999,-999,-999,-999,-999,-999,-999,0,1,0
18,0,105.02,105.02,0,105.02,105.02,0,1,0,1,0
27,0,-999,-999,-999,-999,-999,-999,-999,0,1,0
33,0,164.13,164.13,0,164.13,164.13,0,1,0,1,0
39,0,844.0999999999999,422.04999999999995,308.944188,213.67,630.43,416.76,2,0,1,0
42,0,122.72,122.72,0,122.72,122.72,0,1,0,1,0
27,1,22269.18,11134.59,13910.316588000002,1752.21,20516.97,18764.760000000002,2,0,1,0
48,0,82.78999999999999,41.394999999999996,6.338115000000003,37.12,45.67,8.550000000000004,2,0,1,0
71,0,435.6,435.6,0,435.6,435.6,0,1,0,1,0
60,0,1078.09,359.36333333333334,32.14276800000001,77.96,900.49,822.53,3,0,1,0
88,0,999.02,499.51,448.812672,196.79,802.23,605.44,2,0,1,0
14,0,1248.92,416.3066666666667,41.42384400000004,186.39,848.2,661.8100000000001,3,0,1,0
19,0,-999,-999,-999,-999,-999,-999,-999,0,1,0
33,0,454.83000000000004,151.61,86.73209999999999,72.79,220.27,147.48000000000002,3,0,1,0
34,0,-999,-999,-999,-999,-999,-999,-999,0,1,0
42,1,7378.64,2459.5466666666666,370.635174,1322.18,4484.29,3162.1099999999997,3,0,1,0
41,0,-999,-999,-999,-999,-999,-999,-999,0,1,0
28,1,444.46,444.46,0,444.46,444.46,0,1,0,1,0
26,1,596.78,596.78,0,596.78,596.78,0,1,0,1,0
9,0,36.89,36.89,0,36.89,36.89,0,1,0,1,0
16,0,69.03,69.03,0,69.03,69.03,0,1,0,1,0
34,0,56.12,56.12,0,56.12,56.12,0,1,0,1,0
25,1,6354.89,1588.7225,794.7180780000002,486.59,2588.4,2101.81,4,0,1,0
38,0,314.65,314.65,0,314.65,314.65,0,1,0,1,0
49,0,6034.87,3017.435,3763.617165,478.91,5555.96,5077.05,2,0,1,0
45,0,365.41,182.705,148.474977,82.56,282.85,200.29000000000002,2,0,1,0
14,1,3002.37,3002.37,0,3002.37,3002.37,0,1,0,1,0
87,0,-999,-999,-999,-999,-999,-999,-999,0,1,0
25,1,-999,-999,-999,-999,-999,-999,-999,0,1,0
27,0,489.19,244.595,244.517805,79.67,409.52,329.84999999999997,2,0,1,0
22,0,120.08,120.08,0,120.08,120.08,0,1,0,1,0
28,0,239.12,239.12,0,239.12,239.12,0,1,0,1,0
36,0,156.92000000000002,78.46000000000001,95.212572,14.24,142.68,128.44,2,0,1,0
43,0,-999,-999,-999,-999,-999,-999,-999,0,1,0
37,0,-999,-999,-999,-999,-999,-999,-999,0,1,0
50,0,445.53,445.53,0,445.53,445.53,0,1,0,1,0
23,1,-999,-999,-999,-999,-999,-999,-999,0,1,0
67,0,30.2,30.2,0,30.2,30.2,0,1,0,1,0
67,0,-999,-999,-999,-999,-999,-999,-999,0,1,0
71,0,-999,-999,-999,-999,-999,-999,-999,0,1,0
32,1,574.73,574.73,0,574.73,574.73,0,1,0,1,0
9,0,931.9300000000001,310.6433333333334,131.595576,95.61,651.95,556.34,3,0,1,0
13,0,-999,-999,-999,-999,-999,-999,-999,0,1,0
20,0,187.58,93.79,41.675886,65.68,121.9,56.22,2,0,1,0
14,0,-999,-999,-999,-999,-999,-999,-999,0,1,0
18,0,103.16,103.16,0,103.16,103.16,0,1,0,1,0
24,0,-999,-999,-999,-999,-999,-999,-999,0,1,0
22,0,136.21,68.105,75.85722899999999,16.94,119.27,102.33,2,0,1,0
27,0,67.57,67.57,0,67.57,67.57,0,1,0,1,0
40,1,1160.56,1160.56,0,1160.56,1160.56,0,1,0,1,0
23,1,-999,-999,-999,-999,-999,-999,-999,0,1,0
27,1,2026.13,2026.13,0,2026.13,2026.13,0,1,0,1,0
59,0,222.57,74.19,29.459262000000006,50.16,102.38,52.22,3,0,1,0
49,0,-999,-999,-999,-999,-999,-999,-999,0,1,0
14,0,169.5,84.75,78.50366999999999,31.8,137.7,105.89999999999999,2,0,1,0
23,0,7631.59,1526.318,1486.4102819999998,144.41,3198.46,3054.05,5,0,1,0
22,0,-999,-999,-999,-999,-999,-999,-999,0,1,0
29,0,58.91,58.91,0,58.91,58.91,0,1,0,1,0
27,0,18.25,18.25,0,18.25,18.25,0,1,0,1,0
48,0,178.09,178.09,0,178.09,178.09,0,1,0,1,0
64,0,-999,-999,-999,-999,-999,-999,-999,0,1,0
54,0,-999,-999,-999,-999,-999,-999,-999,0,1,0
89,0,491.11,491.11,0,491.11,491.11,0,1,0,1,0
77,0,1180.77,590.385,314.28896100000003,378.4,802.37,423.97,2,0,1,0
30,1,-999,-999,-999,-999,-999,-999,-999,0,1,0
23,0,255.03,255.03,0,255.03,255.03,0,1,0,1,0
48,1,4918.86,1639.62,71.69853599999985,1250.64,2369.22,1118.5799999999997,3,0,1,0
36,0,676.57,225.52333333333334,28.777266000000036,117.9,289.04,171.14000000000001,3,0,1,0
45,0,-999,-999,-999,-999,-999,-999,-999,0,1,0
43,0,464.55,232.275,76.93952700000001,180.38,284.17,103.79000000000002,2,0,1,0
62,0,-999,-999,-999,-999,-999,-999,-999,0,1,0
72,0,-999,-999,-999,-999,-999,-999,-999,0,1,0
74,0,-999,-999,-999,-999,-999,-999,-999,0,1,0
74,0,182.94,91.47,7.709520000000004,86.27,96.67,10.400000000000006,2,0,1,0
11,0,-999,-999,-999,-999,-999,-999,-999,0,1,0
15,0,-999,-999,-999,-999,-999,-999,-999,0,1,0
33,0,22.46,22.46,0,22.46,22.46,0,1,0,1,0
27,0,700.6,700.6,0,700.6,700.6,0,1,0,1,0
59,0,-999,-999,-999,-999,-999,-999,-999,0,1,0
36,1,-999,-999,-999,-999,-999,-999,-999,0,1,0
28,0,-999,-999,-999,-999,-999,-999,-999,0,1,0
43,0,-999,-999,-999,-999,-999,-999,-999,0,1,0
44,0,-999,-999,-999,-999,-999,-999,-999,0,1,0
40,1,1313.9,1313.9,0,1313.9,1313.9,0,1,0,1,0
54,0,390.12,195.06,17.390897999999982,183.33,206.79,23.45999999999998,2,0,1,0
73,0,807.38,403.69,499.13211599999994,67.03,740.35,673.32,2,0,1,0
15,1,-999,-999,-999,-999,-999,-999,-999,0,1,0
63,0,1216.71,608.355,295.163421,409.27,807.44,398.1700000000001,2,0,1,0
14,0,1320.01,660.005,710.469333,180.8,1139.21,958.4100000000001,2,0,1,0
19,1,-999,-999,-999,-999,-999,-999,-999,0,1,0
24,0,344.04,344.04,0,344.04,344.04,0,1,0,1,0
35,0,-999,-999,-999,-999,-999,-999,-999,0,1,0
36,1,2627.59,875.8633333333333,583.640316,341.16,1551.61,1210.4499999999998,3,0,1,0
39,1,-999,-999,-999,-999,-999,-999,-999,0,1,0
51,0,295.68,295.68,0,295.68,295.68,0,1,0,1,0
48,0,296.95,296.95,0,296.95,296.95,0,1,0,1,0
68,0,21.53,21.53,0,21.53,21.53,0,1,0,1,0
22,1,2832.09,2832.09,0,2832.09,2832.09,0,1,0,1,0
14,0,475.98,237.99,279.49975199999994,49.47,426.51,377.03999999999996,2,0,1,0
17,1,-999,-999,-999,-999,-999,-999,-999,0,1,0
22,0,495.91,247.955,176.466465,128.93,366.98,238.05,2,0,1,0
25,1,-999,-999,-999,-999,-999,-999,-999,0,1,0
34,0,493.22,246.61,230.73703799999998,90.98,402.24,311.26,2,0,1,0
37,0,625.62,625.62,0,625.62,625.62,0,1,0,1,0
23,1,-999,-999,-999,-999,-999,-999,-999,0,1,0
41,0,161.31,161.31,0,161.31,161.31,0,1,0,1,0
44,0,-999,-999,-999,-999,-999,-999,-999,0,1,0
38,0,729.34,243.11333333333334,151.12141799999992,113.09,359.09,245.99999999999997,3,0,1,0
49,0,302.93,151.465,126.710409,66,236.93,170.93,2,0,1,0
55,0,-999,-999,-999,-999,-999,-999,-999,0,1,0
58,0,-999,-999,-999,-999,-999,-999,-999,0,1,0
90,0,109.4,109.4,0,109.4,109.4,0,1,0,1,0
11,0,21.39,21.39,0,21.39,21.39,0,1,0,1,0
15,0,-999,-999,-999,-999,-999,-999,-999,0,1,0
16,0,-999,-999,-999,-999,-999,-999,-999,0,1,0
21,0,2138.1,2138.1,0,2138.1,2138.1,0,1,0,1,0
25,0,-999,-999,-999,-999,-999,-999,-999,0,1,0
38,1,26387.91,6596.9775,1833.286791,433.98,22334.86,21900.88,4,0,1,0
47,0,448.78999999999996,224.39499999999998,170.684325,109.27,339.52,230.25,2,0,1,0
35,0,-999,-999,-999,-999,-999,-999,-999,0,1,0
34,0,-999,-999,-999,-999,-999,-999,-999,0,1,0
45,0,466.73,116.6825,63.81110400000001,16.39,315.19,298.8,4,0,1,0
61,0,-999,-999,-999,-999,-999,-999,-999,0,1,0
21,1,-999,-999,-999,-999,-999,-999,-999,0,1,0
53,0,100.11,100.11,0,100.11,100.11,0,1,0,1,0
74,0,115.4,115.4,0,115.4,115.4,0,1,0,1,0
69,0,219.38,219.38,0,219.38,219.38,0,1,0,1,0
22,1,2640.64,2640.64,0,2640.64,2640.64,0,1,0,1,0
85,0,199.03,199.03,0,199.03,199.03,0,1,0,1,0
88,0,5794.2,2897.1,361.87300799999986,2653.02,3141.18,488.15999999999985,2,0,1,0
6,0,-999,-999,-999,-999,-999,-999,-999,0,1,0
21,0,219.3,73.1,8.450820000000004,34.5,144.6,110.1,3,0,1,0
31,0,-999,-999,-999,-999,-999,-999,-999,0,1,0
26,0,1088.52,544.26,686.636538,81.13,1007.39,926.26,2,0,1,0
32,0,-999,-999,-999,-999,-999,-999,-999,0,1,0
38,0,-999,-999,-999,-999,-999,-999,-999,0,1,0
49,0,25.28,25.28,0,25.28,25.28,0,1,0,1,0
46,0,491.77,245.885,58.61459100000001,206.35,285.42,79.07000000000002,2,0,1,0
52,0,665.9,166.475,36.70176299999999,113.22,242.88,129.66,4,0,1,0
73,0,259.54,259.54,0,259.54,259.54,0,1,0,1,0
56,0,-999,-999,-999,-999,-999,-999,-999,0,1,0
73,0,163.9,163.9,0,163.9,163.9,0,1,0,1,0
7,0,-999,-999,-999,-999,-999,-999,-999,0,1,0
29,1,390.1,390.1,0,390.1,390.1,0,1,0,1,0
36,0,393.73,393.73,0,393.73,393.73,0,1,0,1,0
51,0,2888.3599999999997,962.7866666666666,331.005276,27.22,2610.66,2583.44,3,0,1,0
41,1,2011.76,2011.76,0,2011.76,2011.76,0,1,0,1,0
44,0,626.74,626.74,0,626.74,626.74,0,1,0,1,0
59,0,-999,-999,-999,-999,-999,-999,-999,0,1,0
62,0,385.12,192.56,11.119499999999999,185.06,200.06,15,2,0,1,0
74,0,629.29,314.645,318.321633,99.94,529.35,429.41,2,0,1,0
70,0,-999,-999,-999,-999,-999,-999,-999,0,1,0
26,1,13892.57,4630.856666666667,1351.211988,984.85,11011.49,10026.64,3,0,1,0
13,0,-999,-999,-999,-999,-999,-999,-999,0,1,0
17,0,-999,-999,-999,-999,-999,-999,-999,0,1,0
27,0,-999,-999,-999,-999,-999,-999,-999,0,1,0
34,0,-999,-999,-999,-999,-999,-999,-999,0,1,0
29,0,198.59,66.19666666666667,14.025395999999995,28.05,133.03,104.98,3,0,1,0
30,0,50.22,50.22,0,50.22,50.22,0,1,0,1,0
34,0,-999,-999,-999,-999,-999,-999,-999,0,1,0
45,0,1702.87,567.6233333333333,62.58054599999996,237.68,1185.3,947.6199999999999,3,0,1,0
58,0,128.05,128.05,0,128.05,128.05,0,1,0,1,0
55,0,58.99,58.99,0,58.99,58.99,0,1,0,1,0
69,0,378.11,189.055,144.50160899999997,91.59,286.52,194.92999999999998,2,0,1,0
75,0,-999,-999,-999,-999,-999,-999,-999,0,1,0
60,0,-999,-999,-999,-999,-999,-999,-999,0,1,0
33,1,323.26,323.26,0,323.26,323.26,0,1,0,1,0
89,0,998.89,998.89,0,998.89,998.89,0,1,0,1,0
16,1,1219.6100000000001,609.8050000000001,57.858465000000045,570.78,648.83,78.05000000000007,2,0,1,0
16,0,-999,-999,-999,-999,-999,-999,-999,0,1,0
18,0,266.83,133.415,153.81233699999999,29.67,237.16,207.49,2,0,1,0
23,0,-999,-999,-999,-999,-999,-999,-999,0,1,0
22,0,190.79,190.79,0,190.79,190.79,0,1,0,1,0
33,0,97.21,97.21,0,97.21,97.21,0,1,0,1,0
29,1,5692.92,5692.92,0,5692.92,5692.92,0,1,0,1,0
31,0,-999,-999,-999,-999,-999,-999,-999,0,1,0
20,0,658.79,329.395,41.342300999999985,301.51,357.28,55.76999999999998,2,0,1,0
24,1,3308.76,1102.92,486.50036399999993,479.98,2020.66,1540.68,3,0,1,0
49,0,685.17,685.17,0,685.17,685.17,0,1,0,1,0
66,0,722.2,361.1,235.18483799999998,202.47,519.73,317.26,2,0,1,0
38,0,969.3199999999999,484.65999999999997,544.099374,117.67,851.65,733.98,2,0,1,0
80,0,19.81,19.81,0,19.81,19.81,0,1,0,1,0
67,0,754.71,377.355,442.904511,78.62,676.09,597.47,2,0,1,0
73,0,244.55,122.275,76.40579100000001,70.74,173.81,103.07000000000001,2,0,1,0
77,0,305.94,76.485,38.288145,33.52,108.27,74.75,4,0,1,0
11,0,-999,-999,-999,-999,-999,-999,-999,0,1,0
14,0,75.84,37.92,48.48102,5.22,70.62,65.4,2,0,1,0
10,0,-999,-999,-999,-999,-999,-999,-999,0,1,0
15,1,722.51,722.51,0,722.51,722.51,0,1,0,1,0
41,0,41.11,41.11,0,41.11,41.11,0,1,0,1,0
59,0,-999,-999,-999,-999,-999,-999,-999,0,1,0
68,0,-999,-999,-999,-999,-999,-999,-999,0,1,0
54,0,751.64,250.54666666666665,207.43056599999994,83.25,404.15,320.9,3,0,1,0
70,0,1572.56,524.1866666666667,156.28086599999995,146.69,765.64,618.95,3,0,1,0
65,0,336.88,336.88,0,336.88,336.88,0,1,0,1,0
85,0,627.93,627.93,0,627.93,627.93,0,1,0,1,0
86,0,227.02,113.51,45.930948,82.53,144.49,61.96000000000001,2,0,1,0
73,0,-999,-999,-999,-999,-999,-999,-999,0,1,0
13,0,84.53,84.53,0,84.53,84.53,0,1,0,1,0
16,0,-999,-999,-999,-999,-999,-999,-999,0,1,0
23,0,-999,-999,-999,-999,-999,-999,-999,0,1,0
19,0,-999,-999,-999,-999,-999,-999,-999,0,1,0
32,0,76.63,76.63,0,76.63,76.63,0,1,0,0,1
32,0,7864.97,1966.2425,1642.031391,158.98,4948.31,4789.330000000001,4,0,0,1
53,0,-999,-999,-999,-999,-999,-999,-999,0,0,1
44,0,1379.08,1379.08,0,1379.08,1379.08,0,1,0,0,1
48,0,1030.6,515.3,664.857144,66.86,963.74,896.88,2,0,0,1
39,0,-999,-999,-999,-999,-999,-999,-999,0,0,1
52,0,778.4,389.2,162.92291399999996,279.31,499.09,219.77999999999997,2,0,0,1
40,0,-999,-999,-999,-999,-999,-999,-999,0,0,1
31,0,-999,-999,-999,-999,-999,-999,-999,0,0,1
21,1,23136.88,23136.88,0,23136.88,23136.88,0,1,0,0,1
55,0,55.12,55.12,0,55.12,55.12,0,1,0,0,1
24,0,394.92,197.46,178.96464600000002,76.75,318.17,241.42000000000002,2,0,0,1
42,0,2021.18,2021.18,0,2021.18,2021.18,0,1,0,0,1
54,0,-999,-999,-999,-999,-999,-999,-999,0,0,1
52,0,413.17,137.72333333333333,75.84981599999998,86.54,188.93,102.39,3,0,0,1
32,0,125.69,62.845,51.57224099999999,28.06,97.63,69.57,2,0,0,1
39,0,44.71,44.71,0,44.71,44.71,0,1,0,0,1
29,0,279.6,279.6,0,279.6,279.6,0,1,0,0,1
59,0,673.7,336.85,193.434822,206.38,467.32,260.94,2,0,0,1
40,0,123.1,123.1,0,123.1,123.1,0,1,0,0,1
42,0,-999,-999,-999,-999,-999,-999,-999,0,0,1
53,0,116.87,116.87,0,116.87,116.87,0,1,0,0,1
57,0,639.44,319.72,80.11970399999998,265.68,373.76,108.07999999999998,2,0,0,1
24,0,562.56,187.52,105.69455399999998,94.97,269.44,174.47,3,0,0,1
44,0,1448.26,482.75333333333333,60.7866,277.63,852,574.37,3,0,0,1
26,1,501.65,501.65,0,501.65,501.65,0,1,0,0,1
41,0,117.02,117.02,0,117.02,117.02,0,1,0,0,1
49,0,2342.93,1171.465,1222.930023,346.61,1996.32,1649.71,2,0,0,1
54,0,387.64,129.21333333333334,11.460498000000026,20.95,187.21,166.26000000000002,3,0,0,1
50,0,-999,-999,-999,-999,-999,-999,-999,0,0,1
65,0,1563.8600000000001,521.2866666666666,14.603610000000034,249.38,1055.25,805.87,3,0,0,1
61,0,-999,-999,-999,-999,-999,-999,-999,0,0,1
67,0,282.82000000000005,141.41000000000003,12.765185999999998,132.8,150.02,17.22,2,0,0,1
33,0,153.75,76.875,74.760105,26.45,127.3,100.85,2,0,0,1
33,0,78.43,78.43,0,78.43,78.43,0,1,0,0,1
30,1,1043.58,1043.58,0,1043.58,1043.58,0,1,0,0,1
52,0,364.9,364.9,0,364.9,364.9,0,1,0,0,1
44,0,147.57,147.57,0,147.57,147.57,0,1,0,0,1
49,0,845.22,845.22,0,845.22,845.22,0,1,0,0,1
57,0,19695.879999999997,3939.176,2810.8168619999997,1498.35,7026.5,5528.15,5,0,0,1
51,0,478.32,239.16,153.52322999999996,135.61,342.71,207.09999999999997,2,0,0,1
63,0,2234.91,558.7275,203.01983100000007,146.32,797.24,650.9200000000001,4,0,0,1
65,0,136.79,136.79,0,136.79,136.79,0,1,0,0,1
38,0,68.22,34.11,26.271671999999995,16.39,51.83,35.44,2,0,0,1
43,0,218.91,218.91,0,218.91,218.91,0,1,0,0,1
41,0,578.7,578.7,0,578.7,578.7,0,1,0,0,1
37,0,-999,-999,-999,-999,-999,-999,-999,0,0,1
50,0,42.32,42.32,0,42.32,42.32,0,1,0,0,1
61,0,812.63,406.315,517.568247,57.22,755.41,698.1899999999999,2,0,0,1
53,0,652.23,326.115,230.77410299999994,170.46,481.77,311.30999999999995,2,0,0,1
68,0,-999,-999,-999,-999,-999,-999,-999,0,0,1
34,0,1179.92,294.98,147.54093899999998,39.53,696.87,657.34,4,0,0,1
39,0,730.83,182.7075,136.095267,40.97,333.87,292.9,4,0,0,1
33,0,-999,-999,-999,-999,-999,-999,-999,0,0,1
59,0,161.87,161.87,0,161.87,161.87,0,1,0,0,1
54,0,229.23000000000002,114.61500000000001,114.12313499999999,37.64,191.59,153.95,2,0,0,1
52,0,583.8100000000001,291.90500000000003,375.38690699999995,38.71,545.1,506.39000000000004,2,0,0,1
58,0,49.45,49.45,0,49.45,49.45,0,1,0,0,1
62,0,125.09,125.09,0,125.09,125.09,0,1,0,0,1
34,0,2035.25,2035.25,0,2035.25,2035.25,0,1,0,0,1
32,0,-999,-999,-999,-999,-999,-999,-999,0,0,1
40,0,54.93,54.93,0,54.93,54.93,0,1,0,0,1
49,0,956.79,239.1975,35.68618200000001,168.34,362.23,193.89000000000001,4,0,0,1
48,0,-999,-999,-999,-999,-999,-999,-999,0,0,1
70,0,249.55,249.55,0,249.55,249.55,0,1,0,0,1
55,0,87.86,87.86,0,87.86,87.86,0,1,0,0,1
44,0,133.31,133.31,0,133.31,133.31,0,1,0,0,1
39,1,1194.4,1194.4,0,1194.4,1194.4,0,1,0,0,1
43,0,636.9399999999999,318.46999999999997,268.439556,137.41,499.53,362.12,2,0,0,1
61,0,1474,368.5,378.033348,31.91,766.55,734.64,4,0,0,1
63,0,427.5,213.75,102.07701,144.9,282.6,137.70000000000002,2,0,0,1
29,0,-999,-999,-999,-999,-999,-999,-999,0,0,1
42,0,142.37,142.37,0,142.37,142.37,0,1,0,0,1
53,0,198.12,99.06,31.460771999999995,77.84,120.28,42.44,2,0,0,1
63,0,804.3699999999999,402.18499999999995,479.06512499999997,79.06,725.31,646.25,2,0,0,1
68,0,845.95,845.95,0,845.95,845.95,0,1,0,0,1
73,0,4158.94,831.788,279.6331859999999,157.19,2388.75,2231.56,5,0,0,1
39,0,1248,624,607.480524,214.26,1033.74,819.48,2,0,0,1
94,0,28306.14,7076.535,2880.3137369999995,1271.83,19594.85,18323.019999999997,4,0,0,1
63,0,2706.58,902.1933333333334,894.2153639999999,175.61,1752.22,1576.6100000000001,3,0,0,1
41,0,80.85,80.85,0,80.85,80.85,0,1,0,0,1
48,0,-999,-999,-999,-999,-999,-999,-999,0,0,1
53,0,220.62,220.62,0,220.62,220.62,0,1,0,0,1
49,0,265.23,265.23,0,265.23,265.23,0,1,0,0,1
48,0,1003.84,501.92,165.206118,390.49,613.35,222.86,2,0,0,1
49,0,1327.55,331.8875,126.19891200000002,117.64,691.2,573.5600000000001,4,0,0,1
20,1,350.88,175.44,152.322324,72.7,278.18,205.48000000000002,2,0,0,1
57,0,100.93,100.93,0,100.93,100.93,0,1,0,0,1
65,0,91.01,91.01,0,91.01,91.01,0,1,0,0,1
60,0,1168.77,584.385,380.41292100000004,327.8,840.97,513.1700000000001,2,0,0,1
37,0,-999,-999,-999,-999,-999,-999,-999,0,0,1
57,0,299.65999999999997,149.82999999999998,175.109886,31.72,267.94,236.22,2,0,0,1
38,0,11861.27,3953.7566666666667,3010.7454719999996,1544,6742.55,5198.55,3,0,0,1
45,0,283.98,283.98,0,283.98,283.98,0,1,0,0,1
34,0,207.28,207.28,0,207.28,207.28,0,1,0,0,1
46,0,4647.58,2323.79,2200.133922,839.82,3807.76,2967.94,2,0,0,1
65,0,485.03,242.515,36.108723000000005,218.16,266.87,48.71000000000001,2,0,0,1
60,0,1293.8899999999999,646.9449999999999,141.46227900000002,551.53,742.36,190.83000000000004,2,0,0,1
32,0,732.73,732.73,0,732.73,732.73,0,1,0,0,1
36,0,88.45,88.45,0,88.45,88.45,0,1,0,0,1
47,0,157.4,157.4,0,157.4,157.4,0,1,0,0,1
51,0,592.26,148.065,50.512181999999996,96.54,220.34,123.8,4,0,0,1
59,0,1913.36,478.34,200.988669,163.02,1140.24,977.22,4,0,0,1
47,0,639.75,319.875,425.128137,33.13,606.62,573.49,2,0,0,1
45,0,503.99,251.995,330.34551899999997,29.18,474.81,445.63,2,0,0,1
34,0,-999,-999,-999,-999,-999,-999,-999,0,0,1
34,0,-999,-999,-999,-999,-999,-999,-999,0,0,1
43,1,-999,-999,-999,-999,-999,-999,-999,0,0,1
45,0,2120.13,530.0325,189.587475,115.24,1437.07,1321.83,4,0,0,1
55,0,76.07,76.07,0,76.07,76.07,0,1,0,0,1
43,0,475.35,475.35,0,475.35,475.35,0,1,0,0,1
49,0,-999,-999,-999,-999,-999,-999,-999,0,0,1
83,0,134.55,134.55,0,134.55,134.55,0,1,0,0,1
65,0,2881.2,720.3,618.8372400000001,84.3,1380.04,1295.74,4,0,0,1
55,0,151.43,151.43,0,151.43,151.43,0,1,0,0,1
53,0,446.56,223.28,297.528168,22.6,423.96,401.35999999999996,2,0,0,1
26,0,897.3,897.3,0,897.3,897.3,0,1,0,0,1
35,0,1641.17,410.2925,331.835532,45.83,1038.71,992.88,4,0,0,1
64,0,761.2,253.73333333333335,75.15299399999999,93.16,524.19,431.0300000000001,3,0,0,1
63,0,-999,-999,-999,-999,-999,-999,-999,0,0,1
39,0,-999,-999,-999,-999,-999,-999,-999,0,0,1
36,0,1038.3000000000002,519.1500000000001,246.749118,352.72,685.58,332.86,2,0,0,1
53,0,108017.93000000001,36005.97666666667,5903.772503999999,6026.52,91982.85,85956.33,3,0,0,1
37,0,-999,-999,-999,-999,-999,-999,-999,0,0,1
58,0,361.8,180.9,94.76779199999999,116.98,244.82,127.83999999999999,2,0,0,1
49,0,1042.49,347.49666666666667,4.581234000000047,135,455.29,320.29,3,0,0,1
60,0,283.64,283.64,0,283.64,283.64,0,1,0,0,1
40,0,15915.99,5305.33,5897.649366,566.09,10805.9,10239.81,3,0,0,1
56,0,475.28,475.28,0,475.28,475.28,0,1,0,0,1
43,0,-999,-999,-999,-999,-999,-999,-999,0,0,1
41,0,1117.76,372.5866666666667,354.801006,67.37,743.71,676.34,3,0,0,1
60,0,77.22,77.22,0,77.22,77.22,0,1,0,0,1
53,0,4224.41,844.882,322.450674,362.8,1287.03,924.23,5,0,0,1
68,0,-999,-999,-999,-999,-999,-999,-999,0,0,1
57,0,205.41,205.41,0,205.41,205.41,0,1,0,0,1
69,0,633.42,633.42,0,633.42,633.42,0,1,0,0,1
27,1,2347.03,2347.03,0,2347.03,2347.03,0,1,0,0,1
44,0,819.14,409.57,4.699842000000023,406.4,412.74,6.340000000000032,2,0,0,1
55,0,23.48,23.48,0,23.48,23.48,0,1,0,0,1
54,0,1149.53,574.765,180.73635299999995,452.86,696.67,243.80999999999995,2,0,0,1
44,0,1479.62,1479.62,0,1479.62,1479.62,0,1,0,0,1
31,0,5027.219999999999,1256.8049999999998,222.11571900000007,116.91,4241.15,4124.24,4,0,0,1
41,0,477.75,477.75,0,477.75,477.75,0,1,0,0,1
38,0,599.66,599.66,0,599.66,599.66,0,1,0,0,1
40,0,12755.98,1594.4975,569.6890500000001,169.54,6047.61,5878.07,8,0,0,1
41,0,428.42,214.21,136.88845800000001,121.88,306.54,184.66000000000003,2,0,0,1
34,1,890.58,890.58,0,890.58,890.58,0,1,0,0,1
49,0,989.52,494.76,504.58808400000004,154.42,835.1,680.6800000000001,2,0,0,1
78,0,-999,-999,-999,-999,-999,-999,-999,0,0,1
27,0,-999,-999,-999,-999,-999,-999,-999,0,0,1
36,0,1912.58,956.29,138.3710579999999,862.96,1049.62,186.65999999999985,2,0,0,1
39,1,2959.55,2959.55,0,2959.55,2959.55,0,1,0,0,1
38,0,358.5,358.5,0,358.5,358.5,0,1,0,0,1
44,0,958.37,479.185,583.4253389999999,85.67,872.7,787.0300000000001,2,0,0,1
44,0,-999,-999,-999,-999,-999,-999,-999,0,0,1
61,0,-999,-999,-999,-999,-999,-999,-999,0,0,1
28,0,992.89,992.89,0,992.89,992.89,0,1,0,0,1
46,0,-999,-999,-999,-999,-999,-999,-999,0,0,1
41,0,-999,-999,-999,-999,-999,-999,-999,0,0,1
1,0,-999,-999,-999,-999,-999,-999,-999,1,0,0
12,0,-999,-999,-999,-999,-999,-999,-999,1,0,0
13,0,1996.73,499.1825,266.31943800000005,59.84,1177.04,1117.2,4,1,0,0
27,0,2224.78,556.195,127.985445,210.97,1348.74,1137.77,4,1,0,0
19,0,-999,-999,-999,-999,-999,-999,-999,1,0,0
24,0,97.64,97.64,0,97.64,97.64,0,1,1,0,0
2,1,-999,-999,-999,-999,-999,-999,-999,1,0,0
51,0,501.95,501.95,0,501.95,501.95,0,1,1,0,0
69,0,652.42,652.42,0,652.42,652.42,0,1,1,0,0
56,0,-999,-999,-999,-999,-999,-999,-999,1,0,0
64,0,574.55,143.6375,70.78673700000002,63.66,249.35,185.69,4,1,0,0
2,1,296.29,296.29,0,296.29,296.29,0,1,1,0,0
2,0,685.5899999999999,342.79499999999996,151.75152299999996,240.44,445.15,204.70999999999998,2,1,0,0
3,0,272.46,90.82,45.97542599999999,41.9,157.65,115.75,3,1,0,0
20,0,2079.63,1039.815,852.724803,464.66,1614.97,1150.31,2,1,0,0
0,1,3196.82,3196.82,0,3196.82,3196.82,0,1,1,0,0
56,0,-999,-999,-999,-999,-999,-999,-999,1,0,0
45,0,722.02,361.01,301.531188,157.63,564.39,406.76,2,1,0,0
53,0,-999,-999,-999,-999,-999,-999,-999,1,0,0
58,0,271.68,135.84,57.31731599999999,97.18,174.5,77.32,2,1,0,0
58,0,263.21,131.605,34.04790899999999,108.64,154.57,45.92999999999999,2,1,0,0
49,0,3001.31,1000.4366666666667,77.91062999999993,456.91,2034.94,1578.03,3,1,0,0
80,0,997.46,498.73,634.2414539999999,70.94,926.52,855.5799999999999,2,1,0,0
77,0,-999,-999,-999,-999,-999,-999,-999,1,0,0
100,0,909.95,909.95,0,909.95,909.95,0,1,1,0,0
8,1,13024.23,3256.0575,114.29363399999987,3009.57,3427.12,417.5499999999997,4,1,0,0
12,0,1804.08,601.36,35.330357999999976,424.97,930.31,505.3399999999999,3,1,0,0
19,0,-999,-999,-999,-999,-999,-999,-999,1,0,0
31,0,-999,-999,-999,-999,-999,-999,-999,1,0,0
37,0,186.45,186.45,0,186.45,186.45,0,1,1,0,0
40,0,-999,-999,-999,-999,-999,-999,-999,1,0,0
43,0,771.67,771.67,0,771.67,771.67,0,1,1,0,0
53,0,6794.78,1698.695,411.5104560000001,703.02,3891.64,3188.62,4,1,0,0
53,0,1793.34,896.67,1219.186458,74.34,1719,1644.66,2,1,0,0
73,0,556.52,278.26,243.75426600000003,113.85,442.67,328.82000000000005,2,1,0,0
3,1,4476.46,2238.23,1227.5928,1410.23,3066.23,1656,2,1,0,0
2,1,1624.11,1624.11,0,1624.11,1624.11,0,1,1,0,0
5,0,744.23,372.115,472.06725299999994,53.71,690.52,636.81,2,1,0,0
8,0,-999,-999,-999,-999,-999,-999,-999,1,0,0
9,0,620.67,620.67,0,620.67,620.67,0,1,1,0,0
8,0,1106.0500000000002,553.0250000000001,718.846023,68.17,1037.88,969.71000000000015,2,1,0,0
16,0,169.38,169.38,0,169.38,169.38,0,1,1,0,0
40,0,840.02,840.02,0,840.02,840.02,0,1,1,0,0
59,0,765.39,382.695,156.881319,276.88,488.51,211.63,2,1,0,0
62,0,50.09,50.09,0,50.09,50.09,0,1,1,0,0
62,0,-999,-999,-999,-999,-999,-999,-999,1,0,0
65,0,133.89,133.89,0,133.89,133.89,0,1,1,0,0
90,0,461.6,461.6,0,461.6,461.6,0,1,1,0,0
76,0,-999,-999,-999,-999,-999,-999,-999,1,0,0
7,0,183.63,183.63,0,183.63,183.63,0,1,1,0,0
21,0,-999,-999,-999,-999,-999,-999,-999,1,0,0
12,0,-999,-999,-999,-999,-999,-999,-999,1,0,0
43,0,161.81,80.905,4.247648999999992,78.04,83.77,5.72999999999999,2,1,0,0
63,0,214.86,214.86,0,214.86,214.86,0,1,1,0,0
68,0,-999,-999,-999,-999,-999,-999,-999,1,0,0
44,0,497.84,497.84,0,497.84,497.84,0,1,1,0,0
60,0,704.05,352.025,151.79600100000002,249.64,454.41,204.77000000000004,2,1,0,0
53,0,583.58,583.58,0,583.58,583.58,0,1,1,0,0
72,0,140.01999999999998,70.00999999999999,16.783032,58.69,81.33,22.64,2,1,0,0
93,0,5285.1500000000005,880.8583333333333,469.62096299999996,111.54,2124.84,2013.3000000000002,6,1,0,0
1,0,52,52,0,52,52,0,1,1,0,0
2,1,28210.82,14105.41,3121.7773860000007,11999.8,16211.02,4211.220000000001,2,1,0,0
1,0,753.52,753.52,0,753.52,753.52,0,1,1,0,0
3,0,-999,-999,-999,-999,-999,-999,-999,1,0,0
11,0,-999,-999,-999,-999,-999,-999,-999,1,0,0
17,0,-999,-999,-999,-999,-999,-999,-999,1,0,0
21,0,353.31,176.655,232.019487,20.16,333.15,312.98999999999995,2,1,0,0
23,0,696.38,348.19,477.189636,26.33,670.05,643.7199999999999,2,1,0,0
31,0,868.72,868.72,0,868.72,868.72,0,1,1,0,0
29,0,817.5,408.75,331.687272,185.03,632.47,447.44000000000005,2,1,0,0
40,0,340.47,340.47,0,340.47,340.47,0,1,1,0,0
40,0,3969.5,1984.75,2192.6023139999998,505.86,3463.64,2957.7799999999997,2,1,0,0
67,0,75.35,75.35,0,75.35,75.35,0,1,1,0,0
85,0,-999,-999,-999,-999,-999,-999,-999,1,0,0
97,0,1774.82,591.6066666666667,187.10411999999988,70.72,915.15,844.43,3,1,0,0
94,0,689.4,689.4,0,689.4,689.4,0,1,1,0,0
9,0,864.8199999999999,172.964,95.12361599999998,21.31,387.84,366.53,5,1,0,0
12,0,258.06,129.03,86.65796999999999,70.58,187.48,116.89999999999999,2,1,0,0
15,0,87.62,87.62,0,87.62,87.62,0,1,1,0,0
28,0,176.89,88.445,42.009471,60.11,116.78,56.67,2,1,0,0
16,0,178.57,178.57,0,178.57,178.57,0,1,1,0,0
41,0,1159.88,289.97,155.88056400000002,21.35,471.6,450.25,4,1,0,0
32,0,285.02,142.51,19.451712000000004,129.39,155.63,26.24000000000001,2,1,0,0
45,0,57.73,57.73,0,57.73,57.73,0,1,1,0,0
63,0,524.81,174.93666666666667,82.50669,119.16,230.65,111.49000000000001,3,1,0,0
80,0,1499.3899999999999,749.6949999999999,44.752281,719.51,779.88,60.370000000000005,2,1,0,0
75,0,113.83000000000001,56.915000000000006,42.973161000000005,27.93,85.9,57.970000000000006,2,1,0,0
82,0,714.59,714.59,0,714.59,714.59,0,1,1,0,0
77,0,-999,-999,-999,-999,-999,-999,-999,1,0,0
89,0,499.96000000000004,249.98000000000002,2.4018119999999854,248.36,251.6,3.2399999999999807,2,1,0,0
6,0,1072.53,357.51,379.26390599999996,21.6,653.37,631.77,3,1,0,0
2,1,1623.21,1623.21,0,1623.21,1623.21,0,1,1,0,0
19,0,340628.63,48661.23285714286,36775.166526,6116.61,145541.57,139424.96000000002,7,1,0,0
24,0,644.25,214.75,0.5782140000000008,30.82,582.22,551.4,3,1,0,0
32,0,-999,-999,-999,-999,-999,-999,-999,1,0,0
39,0,766.63,766.63,0,766.63,766.63,0,1,1,0,0
36,0,198.45,198.45,0,198.45,198.45,0,1,1,0,0
80,0,899.9399999999999,449.96999999999997,622.0396559999999,30.41,869.53,839.12,2,1,0,0
66,0,-999,-999,-999,-999,-999,-999,-999,1,0,0
72,0,195.16,195.16,0,195.16,195.16,0,1,1,0,0
97,0,392.15,196.075,133.960323,105.72,286.43,180.71,2,1,0,0
95,0,-999,-999,-999,-999,-999,-999,-999,1,0,0
91,0,821.34,205.335,116.40633900000002,38.73,405.76,367.03,4,1,0,0
4,0,434.8,217.4,74.18930399999998,167.36,267.44,100.07999999999998,2,1,0,0
21,0,524.01,524.01,0,524.01,524.01,0,1,1,0,0
32,0,1319,439.6666666666667,367.996146,131.67,807.45,675.7800000000001,3,1,0,0
49,0,1657.4,1657.4,0,1657.4,1657.4,0,1,1,0,0
41,0,205.85,205.85,0,205.85,205.85,0,1,1,0,0
64,0,252.22,252.22,0,252.22,252.22,0,1,1,0,0
41,0,124.37,124.37,0,124.37,124.37,0,1,1,0,0
48,0,136.85,136.85,0,136.85,136.85,0,1,1,0,0
57,0,1162.98,581.49,820.945272,27.77,1135.21,1107.44,2,1,0,0
94,0,1966.7600000000002,655.5866666666667,151.773762,201.86,1460.67,1258.81,3,1,0,0
103,0,353.89,353.89,0,353.89,353.89,0,1,1,0,0
17,0,456.56,456.56,0,456.56,456.56,0,1,1,0,0
17,0,-999,-999,-999,-999,-999,-999,-999,1,0,0
21,0,-999,-999,-999,-999,-999,-999,-999,1,0,0
35,0,-999,-999,-999,-999,-999,-999,-999,1,0,0
3,1,1901.69,1901.69,0,1901.69,1901.69,0,1,1,0,0
42,0,-999,-999,-999,-999,-999,-999,-999,1,0,0
57,0,119.21,119.21,0,119.21,119.21,0,1,1,0,0
68,0,2132.11,710.7033333333334,102.75900599999991,551.88,824.77,272.89,3,1,0,0
0,1,267.44,267.44,0,267.44,267.44,0,1,1,0,0
78,0,2448.83,612.2075,234.10254000000003,167.16,873.38,706.22,4,1,0,0
83,0,11477.14,3825.713333333333,2987.8096499999997,1250.97,6959.95,5708.98,3,1,0,0
1,0,1073.41,357.80333333333334,201.23329800000002,41.33,855.02,813.6899999999999,3,1,0,0
5,0,585.96,292.98,200.35856399999997,157.84,428.12,270.28,2,1,0,0
11,0,189.84,94.92,112.78138199999998,18.85,170.99,152.14000000000001,2,1,0,0
22,0,716.47,358.235,347.336115,123.96,592.51,468.55,2,1,0,0
24,0,401.37,200.685,126.72523500000003,115.21,286.16,170.95000000000005,2,1,0,0
23,0,45.78,45.78,0,45.78,45.78,0,1,1,0,0
34,0,-999,-999,-999,-999,-999,-999,-999,1,0,0
34,0,448.43,149.47666666666666,42.476490000000005,93.97,231.84,137.87,3,1,0,0
60,0,-999,-999,-999,-999,-999,-999,-999,1,0,0
